# phpMyAdmin MySQL-Dump
# version 2.3.0
# http://phpwizard.net/phpMyAdmin/
# http://www.phpmyadmin.net/ (download page)
#
# Host: localhost
# Generation Time: Aug 25, 2002 at 11:12 AM
# Server version: 3.23.36
# PHP Version: 4.1.1
# Database : `thebhg_lawngnome`
# --------------------------------------------------------

#
# Table structure for table `kiw_items`
#

CREATE TABLE `kiw_items` (
  `id` int(11) NOT NULL auto_increment,
  `type` int(11) NOT NULL default '0',
  `name` tinytext NOT NULL,
  `price` int(11) NOT NULL default '0',
  `min` int(11) NOT NULL default '0',
  `max` int(11) NOT NULL default '0',
  `restriction` tinyint(4) NOT NULL default '0',
  `description` text NOT NULL,
  `limit` int(11) NOT NULL default '0',
  PRIMARY KEY  (`id`),
  UNIQUE KEY `id` (`id`),
  KEY `id_2` (`id`,`type`,`restriction`)
) TYPE=MyISAM COMMENT='Items for sale';

#
# Dumping data for table `kiw_items`
#

INSERT INTO `kiw_items` VALUES (2, 3, 'Nanitic Fist', 50000, 1, -1, 4, 'The Nanitic Fist is actually a few trillion nanites. In it\'s \'off\' state the nanites form a small bracelet around ther wearers wrist. When activated the nanites cover the wearer\'s hands. The gloves will fit any race because of the nanites ability to completly surround the hand/claw/stub. When the nanites come into contact with substances other than the wearer they emit an energy current. The Nanitic Fist is great in melee combat because of the damage caused to organic material by the electricity and because it will be a surprise since the nanites take the color and texture of the wearer\'s hands. The gloves can also electrify any metallic weapon. The only drawback is the tendancy of the electric current to actually fry some of the nanites. This can be a major problem, because some users have reported having the nanites to go haywire and begin devouring the flesh it is attached too. Please note the User Damages section of the Regulations page if you are upset with losing your hand.', 0);
INSERT INTO `kiw_items` VALUES (3, 3, 'Laser Sniper Rifle', 80000, 1, -1, 4, 'This is a long range laser rifle with a zooming scope, targeting beam and heat detector. The scope can zoom over 200 times which allows precise shots over one mile away. The laser sighting can be turned on or off with a switch and can only be seen through the rifle\'s scope and not by the average eye. Finally, there is a small heat detector built into the scope so you can sight your target even if they are behind walls. The Laser Sniper Rifle is excellent for silently taking out an enemy from a long distance away, but because it can only fire one shot before having to recharge it is completly worthless in close combat. ', 0);
INSERT INTO `kiw_items` VALUES (6, 3, 'Plasma Launcher', 125000, 6, -1, 1, 'The Plasma Launcher fires tiny beads of hydrogen ions heated to the point of changing into a plasma form. The plasma beads can burn though almost substance and will bypass armor and clothing completly. The weapon is devastating to organic targets and basically shreds them to pieces in seconds. The weapon is great at close range against any enemy, but the plasma cools after a few hundred yards and reverts into it\'s gasious state and it not harmfully in any way. And thats the drawback, attacking an Imperial Walker with squirts of hydrogen gas will get you killed quick! Stay away from heat resistant armor.', 0);
INSERT INTO `kiw_items` VALUES (7, 3, 'FFOTJP Sonic Pistol', 125000, 1, -1, 4, 'Sonic weapons are gaining increasing acceptance because of their simple technology and utility for a number of specialized applications. Sonic weapons generated a wide-dispersal cone of high-intensity sound, but there disadvantage is that it will not work in space because sound does not travel through space. There are two settings on sonic weapons one that produces a blast of sound equal to that of a blaster shot and the other is a setting that causes the cones vibrations to become powerful enough to cause devastating injuries. The stun setting causes a high-pitched wail that disrupts equilibrium and causes a loss of balance and unconsciousness, but this setting has to be reset for every species. Sonic weapons have limited ranges and the Sg-82 rifle has a maximum range of 35 meters and an optimum range of 15 meters, which also makes them perfect for crowd control. The only ammunition needed for sonic weapons is a standard power pack. The sonic projector and sound emitter precisely control the width of the sonic cone, to be able to affect a single target or a group of beings within a ten meter range. Sonic weapons are very useful under water where blasters fail, because the water amplifies the sonic blasts many times over, because waters sound-conducting qualities. During the Galactic Civil War Imperial aquatic assault squads carried sonic rifles. There is another disadvantage which is that there are some armors that have sound-absorbing and dampening layers, and since the relative rarity of sonic weapons this means these measures are not widely used.', 0);
INSERT INTO `kiw_items` VALUES (8, 3, 'Electrified Stun Cable', 45000, 1, -1, 4, 'Built around the aniquated bolo design, the Stun Cable operates off of the same principle. The gun launches a three-pronged titanium cord with small black orbs at each of the three ends. The cable spins at high speed until it impacts a target, then the kinetic energy of the orbs cause the cable to wraps around the target. When the orbs stop moving they emit a powerful electric shock every ten seconds until the target\'s motor skills are neutralized. The cable is a great way to capture large prey alive, but there is one drawback, you only get one shot after that you will either have to have another cable with you or retrieve the cable you already fired.', 0);
INSERT INTO `kiw_items` VALUES (93, 3, 'Particle Accelerator Rifle', 125000, 6, -1, 1, 'The Particle Accelerator Rifle charges up and fires bursts of condensed ionic energy that can stop the electrical activity of most biological and mechanical organisms. The wide-area of the effect enables the firer to take out large crowds of victims at once. And the drawback? That wide-area effect may be wide enough to include the user of the weapon if he/she is too close to the area being fired upon.', 0);
INSERT INTO `kiw_items` VALUES (10, 3, 'BlasTech E-11 Rifle', 20000, 1, -1, 4, 'All Imperial Stormtroopers use the BlasTech E-11 blaster rifle as there standard side arm, because it offered a great range and heavy damage. The design of the E-11 is a light wieght model that is well-balanced that is allows accurate one-handed firing, which allows the soldiers to use the weapon in close quaters as easy as one would use a blaster pistol. The extended sighting stock, advanced galven circuitry, and computer-enhanced scope, which filters out smoke, haze, and enhances vision in low-light conditions, make the E-11 good at long-range targeting. The E-11 has a maximum range of 300 meters and an optimum range of 100 meters, which is almost nearly three times the range of a blaster pistol, this is because of the barrel which runs almost the entire length of the weapon. To accomodate the barrel design the actuating blaster module, and prismatic crystal housing are located behind the barrel, while other components are mounted to the side or underneath the galven circuitry, and the gas chamber uses an unique design that raps around the back of the barrel. The E-11 is equipped with a force-feed liquid cooling agent that is called a freelol, this prevents the blaster rifle from dangerous heat buildups. The side mounted power pack has enough energy for 100 shots, and the blaster rifle itself can use this energy in a variety of power levels, from stun to full blast. The large quarter-centimeter bore, allows the E-11 to be quite leathal at its full power setting. Both Imperial and New Republic forces normally use the semiautomatic setting to conserve ammunition and to allow adequate cooling, the E-11 can be set on full automatic or pulse fire, but extended automatic fire may throw the barrel out of allignment. The E-11 was sold to the Galactic Empire exclusively during the Galactic Civil war but the Rebel Alliance managed to aquire thousands of E-11\'s through the black market and outright theft. The E-11 and the SoroSuub-manufactured blaster rifle called the Stormtrooper One (later renamed the Freedom One. Also the SoroSuub blaster rifle was a technological "clone of the E-11.) were and still are favorites of both Imperial and New Republic forces. Other military blaster rifle models that are frequently used by the military include: The SoroSuub Heavy Tracker 16, The Merr-Sonn G8, and the very powerful BlasTech A280, but none of these weapons matches the versatility or reliability of the E-11.', 0);
INSERT INTO `kiw_items` VALUES (11, 3, 'Wookie Bowcaster', 40000, 1, -1, 4, 'The bowcaster is a combination on ancient and modern technology, and is the traditional weapon of the Wookiees. The bowcaster is a magnetic accelerator with twin polarizers that use alternating polarity pulses to accelerate a highly tensile metal bowstring and propel an explosive at extremely high speeds. The projectile that is fired has the apperance of an energy blast because it is rapped in an energy field that helps the projectile explode. Great strength is need to cock the weapon, and the primitive aming system limits the bowcaster\'s rate of fire and places great emphasis on the Wookiee\'s patience and markmanship. Some Wookiees like to modifie there bowcasters by adding multiple bowstrings or duel bows, or in Chewbacca\'s case an automatic recocking system. Also during the Imperial occupation of the Wookiees home world of Kashyyyk the Wookiees often bolted their blaster rifles to their bowcasters to provide added fire power against enemies. The bowcaster is deisgned for use in Kashyyyk\'s dense forests with enough fire power to take down the most dangerous enemies, but the bowcaster is a short-range weapon with an optimum range of 30 meters and a maximum range of 50 meters. The bowcaster can be dissassembled and carried in a utility pouch, and can be put back together in less than a minute. Wookiee\'s use bandoliers to carry power packs, canisters of blaster gas, and spare ammunitiob cartridges that hold six quarrels each. The bowcaster is hand-built by the master weapon crafters of Kashyyyk, and the bowcaster is then bestowed to young Wookiee\'s as they are completing adulthood rites of passage. This tradition has endured for thousands of years, and the warriors bowcaster is considered a visible symbol of his or her courage and honor, these are highly prized possessions and are often engraved with clan markings and pictographs depicting a warrior\'s greatest accomplishments.', 0);
INSERT INTO `kiw_items` VALUES (15, 8, 'Zealot Powersuit', 1, 1, -1, 4, 'TBA', 0);
INSERT INTO `kiw_items` VALUES (16, 8, 'Soltan Battle Suit', 1, 1, -1, 4, 'TBA', 0);
INSERT INTO `kiw_items` VALUES (17, 8, 'Stealth Suit', 1, 1, -1, 4, 'TBA', 0);
INSERT INTO `kiw_items` VALUES (18, 8, 'Hardcorps Armor', 1, 1, -1, 4, 'TBA', 0);
INSERT INTO `kiw_items` VALUES (19, 8, 'Krail 311 BH Armor', 1, 1, -1, 4, 'TBA', 0);
INSERT INTO `kiw_items` VALUES (20, 8, 'Riot Armor', 1, 1, -1, 4, 'TBA', 0);
INSERT INTO `kiw_items` VALUES (21, 8, 'Slicksuit Light Armor', 1, 1, -1, 4, 'TBA', 0);
INSERT INTO `kiw_items` VALUES (22, 8, 'Sniper Armor', 1, 1, -1, 4, 'TBA', 0);
INSERT INTO `kiw_items` VALUES (23, 8, 'Diamond Armor', 1, 1, -1, 4, 'TBA', 0);
INSERT INTO `kiw_items` VALUES (25, 4, 'Acid Sprayer', 125000, 1, -1, 4, 'Thr Acid Sprayer does exactly what you\'d think it\'d do. It sprays acid. The gun fires a compressed stream of pure acid (pH = 0) for over 20 yeards. The weapon is great against all enemies, whether they be organic or machine. The weapon is also excellent against small vessels and buildings.', 0);
INSERT INTO `kiw_items` VALUES (26, 4, 'Flame Projector', 75000, 1, -1, 4, 'Flame Projector are a combination of high-energy flammable liquid fuels with air and heating elements to produce superheated cones of flame. Most military soldiers usally use flame projectors to flush enemy soldiers out from hidding quickly, force soldiers in close-combat, and to clear paths through thick vegetation. Imperial soldiers often used them to flush Rebels out of hidding in there base. A single flame blast from a flame projector can cause tremendous damage to enemy equipment and vehicles, and fuel burns for several minutes. Most Imperial soldiers and Corporate Sector Authority security police ("Espos") use flame projectors frequently to break up civilian demonstrations and enforce martial law on rebellious worlds. Space pirates like to use flame projectors as boarding weapons. Flame projectors come in a wide variety of sizes and capabilities that range from Boba Fett\'s wrist-mounted Czerka ZX unit to the deadly flame carbines and rifles favored by military forces. Boba Fett\'s flame projector produces a cone of flame up to five meters long and a meter wide, and the backpack fuel canister supplies him with over fifty shots. The Merr-Sonn C-22 flame carbine was the one chosen to be issued to the CSA Espos as a secondary and backup weapon to their standard issue blaster and riot gun. The C-22 has an optimum range of 3 meters and a maximum range of 7 meters, and a small fuel canister clips to the user\'s belt, and holds enough fuel for ten six-second discharges. The larger Merr-Sonn CR-24 flame rifle has a maximum range of 10 meters and an optimum range of 5 meters, and the canister holds enough for 25 shots.', 0);
INSERT INTO `kiw_items` VALUES (27, 4, 'Freeze Gun', 75000, 1, -1, 4, 'The Freeze Gun fires a chemical that freezes a prey solid when it contact\'s their body. The gun fires a continus stream so it can be used on multiple enemies at once. This gun is great against any object and can be used to freeze the object so you can shatter the object somehow else.', 0);
INSERT INTO `kiw_items` VALUES (28, 4, 'Unreal BioGoo Launcher', 100000, 1, -1, 4, 'The gun fires 5 packets of sticky goo. The goo stickes the prey to his surroundings and limits all his movements. This the the weapon of choice for taking the prey alive. However, you only get 5 shots before the ammo is depleated', 0);
INSERT INTO `kiw_items` VALUES (29, 4, 'Mystic Hand of Fire', 40000, 1, -1, 4, 'The name was given to this device by a group of natives who found one of the gloves amoungst the wreckage of a crashed BHG fighter. The Melting Hand is a quasi-metal glove made to fit each persons unique hand shape. The metal is interlaced with high capacity circuts that when activated conduct heat energy thoughout the glove. The glove is powered by a small battery attached to the wrist of the glove. The \'Hand\' is best for opening locked doors and for giving very impressive hand shakes.', 0);
INSERT INTO `kiw_items` VALUES (30, 4, 'Prax Arms Stealth 2VX ', 50000, 1, -1, 4, 'Small dart shooters are designed to fool even the most sophisicated weapons detectors, and are essentail weapons for espionage agents and assassins who rely on secrecy and stealth. Dart shooters are a weapon with a simple design, and each uses a high-tension spring to launch a small metal dart coated with poison, nerve toxin, or a chemical stun compound. The Prax Arms Stealth 2VX palm shooter is among the smallest and lightest of these weapons, and it can be hidden in a pocket, slipped up a sleeve, or concealed in the users palm. The 2VX has an range of only 3 to 4 meters. Most of the darts are less than five centimeters long and maybe hollow or solid. The darts themselves are almost none deadly but when things like Malkite themfar and Fex-M3 nerve toxins are added they can cause serious injury, parallization, or death.', 0);
INSERT INTO `kiw_items` VALUES (31, 4, 'Poison Sniper Rifle', 75000, 1, -1, 4, 'Exactly like the \'Poison Darts\', but is used for long distance shots.', 0);
INSERT INTO `kiw_items` VALUES (32, 4, 'Tri-Gauze', 175000, 1, -1, 4, 'This weapon fires three types of chemical. The first blinds and slows the prey, the second freezes them and the third fires flame. When used in conjunction with one another this is the most powerful chemical weapon availible.', 0);
INSERT INTO `kiw_items` VALUES (80, 4, 'Gavron 256', 250000, 1, -1, 4, 'Named after former SP Gavron, the Gavron 256 fires a burst of H2O and follows with a burst of solid nitrogen. When the two contact for a brief time the H2O is frozen into many shape ice shards that can slice through most substances, yet melt and disapear after.', 0);
INSERT INTO `kiw_items` VALUES (34, 5, 'Dark Reaver', 275000, 10, -1, 1, 'This weapon fires a small mound of compressed mass so massive that it forms a mini-blackhole sucking everything with 20 meters into it.', 0);
INSERT INTO `kiw_items` VALUES (35, 5, 'TrenchScope', 350000, 10, -1, 1, 'The most talked about sniper weapon. This gun fires undetectable, invisible, triggerable poison darts. The darts enter the victim(s) and kill their senses in the area of the impact so they dont feel it. Once you have hit enough of the enemies simply press the big red button to instantaniously poison an unlimited amount of enemies.', 0);
INSERT INTO `kiw_items` VALUES (36, 4, 'DeOxxigenator', 275000, 6, -1, 1, 'Gun fires special Di-Hydrogrn atoms that convert all oxygen in a room (or a persons lungs) into water. The special breathing mask is reccomended.', 0);
INSERT INTO `kiw_items` VALUES (44, 6, 'H&K Sniper Rifle', 20000, 1, -1, 4, 'This is a simple rifle with a zooming scope. Great for long range attacks, but altogether worthless against armored enemies.', 0);
INSERT INTO `kiw_items` VALUES (45, 6, 'Vintage Hand Pistol', 25000, 1, -1, 4, 'Hand held slug thrower. Ammo cartrige holds 6 slugs. Good for vintage weapons collections, but not much else.', 0);
INSERT INTO `kiw_items` VALUES (46, 6, 'Chaingun', 50000, 1, -1, 4, 'Two handed gun that fires over 1000 slugs per second. The gun has an extremly strong kickback and should only be used by experience weapons experts. This is an excellent gun for cleaning out a room full of enemies.', 0);
INSERT INTO `kiw_items` VALUES (47, 6, 'F2 Bozar', 150000, 1, -1, 4, 'This is a very special weapon. Imagine a sniper rifle and a chaingun combined. Thats the Bozar. This long ranged, silenced, sniper rifle can fire over 1000 slugs per second. Use this weapon only if mass destruction and overkill is your objective.', 0);
INSERT INTO `kiw_items` VALUES (48, 6, 'Desert Eagle', 40000, 1, -1, 4, 'Vintage earth weapon.', 0);
INSERT INTO `kiw_items` VALUES (49, 6, 'Quad-Chamber Magnum', 50000, 1, -1, 4, 'Another earth weapon.', 0);
INSERT INTO `kiw_items` VALUES (50, 6, 'MP5 Assault Rifle', 50000, 1, -1, 4, 'Easy and quick to reload, the Assault rifle is great in most tactical operations.', 0);
INSERT INTO `kiw_items` VALUES (51, 6, 'Anti-Tank Weapon', 100000, 1, -1, 4, 'Rocket Launcher BABY! Take out anything from buildings to imperial walkers with this killer!', 0);
INSERT INTO `kiw_items` VALUES (52, 6, 'Double Barreled Shotgun', 50000, 1, -1, 4, 'Shotgun, duh!', 0);
INSERT INTO `kiw_items` VALUES (53, 7, 'Frag Grenade', 10000, 1, -1, 4, 'The Merr-Sonn C-22 fragmentation grenade is a fairly typical grenade, that consists of a small detonite charge encased in a prestressed chrome shell. The explosion covers an area of ten-meters with leathal shrapnal. The timer is set by twisting it and it can be set for up to a delay of up to two minutes, and pressing the activation panel primes the grenade\'s detonite charge and starts the timer. By holding the activation pannel it stops the timer, and then by entering the access code deactivates the primer.', 0);
INSERT INTO `kiw_items` VALUES (54, 7, 'Prox Grenade', 10000, 1, -1, 4, 'Grenade explodes when it comes into proximity to an enemy.', 0);
INSERT INTO `kiw_items` VALUES (55, 7, 'Merr-Sonn PLX-2M ', 100000, 1, -1, 4, 'The Merr-Sonn Munitions PLX-2M (or "Plex-Twoem") portable missile system is designed to destroy airspeeders, atmospheric fighters, and other medium-size vehicles. The PLX-2M is a refined version of the PLX-2 launcher that was developed for the Galactic Empire. Missile weapons are not widely used through out the military because most modern military and civilian speeders and starships have outstanding countermeasure systems that fool the missiles homing system. Missile systems have advantages over conventional artillery blasters, which require large power generators and are limited to line-of-sight fire, missile systems are light and easy to transport, and they give greater range. The PLX-2M is a shoulder-carried launcher that is paired with a sophisticated computer targeting system. The PLX-2M has only a weight of 50 kilograms and the built in microrepulsorlift unit stabilizes and supports the launcher, which replaces the cumbersom tripod. The PLX-2M has a comuterized tracking system that has a headsup sighting, that uses holograms to display range speed and other vital tracking data. The PLX-2M carries six Arakyd 3t3 Missiles, and each is equipped with miniature proton warheads, and the missiles are powerful enough to cause an instant kill against a combat airspeeder.', 0);
INSERT INTO `kiw_items` VALUES (56, 2, 'VibroBlade', 10000, 1, -1, 4, 'The Merr-Sonn Treppus-2 is a standard knife-sized vibroweapon, that has a blade that is nearly 15 centimeters long, and the power cell supplies the energy for up to ten hours of use, and the sheath can include an optional automatic recharging unit. By pressing the activation stud will power up the blade, or it can be set so that it will be activated as soon as it is pulled from the sheath. The blade vibrates so fast that it seems to blur while its low hum of the generator can be heard several meters away. The blade can cut effortlessly through duraplast, ceramic armor, and metal alloys. The Czerka vibroknuckler is a small self-defense weapon designed for someone who\'s accustomed to brawling with bare fists. When the knuckler is slipped on the hand it is activated by clenching the hand into a fist.', 0);
INSERT INTO `kiw_items` VALUES (57, 7, 'EMP Grenade', 10000, 1, -1, 4, 'Grenade disabled mechanical components when it detonates on contact.', 0);
INSERT INTO `kiw_items` VALUES (62, 7, 'Plastique Explosive', 10000, 1, -1, 4, 'Highly explosive sticks of platique that can be rigged to explode in many different ways.', 0);
INSERT INTO `kiw_items` VALUES (64, 7, 'Glop Grenade', 10000, 1, -1, 4, 'The Merr-Sonn glop grenade uses high-pressure jets to spray an extremely strong adhesive foam over a ten-meter-diameter. The glop grenade can be set to explode on contact or the timer can be set for up to a 15 second delay.', 0);
INSERT INTO `kiw_items` VALUES (81, 5, 'The X Box', 200000, 1, -1, 4, 'Named after Xerokine, this is a small box that you toss into a room. 15 second later the box opens and sucks everything around in. Instead of compressing it like the "Dark Reaver", the device miniturizes everything for quick storage. Imagine capturing your prey and then walking out of the high security area with him still in your pocket.', 0);
INSERT INTO `kiw_items` VALUES (83, 5, 'K-K-M-D', 200000, 6, -1, 1, 'Also known as the KalKet Mass Disintegrator. Basically a large-bored rifle capable of exciting the electrons of an atom to the point where they lose cohesion. The area or person being shot disintegrates on a molecular scale. Effect is NOT violent enough to cause a nuclear reaction. Its drawbacks are a slow recharge time and the possibility of disintegrating the firer.', 0);
INSERT INTO `kiw_items` VALUES (84, 1, 'Z Laan-Rackmir 20.30', 1000000, 10, -1, 1, 'This is basically an infantry-scale 20 mW Tearlic/30 phase plasma cannon, used in a sniper role. Weighing about 15 pounds empty, the weapon itself is around 35 pounds when fully loaded. The power source is a 15 mW Corligen fuel cell capable of 3,500 firings before refueling. The fuel cell drives a homopolar fast-discharge generator which stores power until it has sufficient energy to pulse the phase rifle\\\'s laser. When the  rifle is set in its \\"pulse\\" mode the laser is fired at maximum wattage, creating an ionized trail in the atmosphere which is charged by the rifle\\\'s electromagnetic coil to form a phased magnetic tunnel. The ammunition, N-class Telleride pellets - is fed mechanically into the tunnell, 10 to a shot, where they are vaporized by the laswer beam into superheated plasma, which is accelerated by the magnetic coil to velocities of around 5,000 m/s. The plasma travels the tunnel until it impacts the target at a focused point, using its considerable kinetic and thermal energy for maximum effect penetration. This entire pulse/load/discharge process happens almost instantaneously. Because of the power needed for each shot, cyclic rate of fire is about 30 rpm. The barrel is mounted on a recoiling slide reinforced by durasteel ball bearings designed to absorb the rather strong recoil of the rifle\\\'s burst. The rifle\\\'s drum-style clip contains around 1,000 rounds of ammunition. The ZR-20.30 phase rifle has no visible muzzle flash, a plus for sniper-type weapons. The maximum range of the rifle is about 2,000 meters.', 10);
INSERT INTO `kiw_items` VALUES (87, 5, 'HoloDuke', 75000, 1, -1, 4, 'Remember Duke Nukem 3D? Well even if you didn\'t you\'ll still love the HoloDuke. Place this item anywhere and it will emit a lifelike Duke Nukem hologram that will run around shooting his hologram gun and scream hologram curse words. Use your prey\'s distraction to your advatage.', 0);
INSERT INTO `kiw_items` VALUES (86, 3, 'K RailGun', 400000, 10, -1, 1, 'This weapon may be "handheld", but its anything but light. Possibly the heaviest weapon in the KIW, its also the hardest to control. The railgun fires depleted-uranium tipped slugs at hypersonic speed using electromagnetic coils housed in the gun\'s dense rubber sheath. Its maximum range, penetrating power, and raw kinetic energy is unmatech, but the drawbacks to utilizing such heavy firepower are immense. The weapon is unwieldy due to its heavy weight; the max range of the weapon is too far to aim, even with a high-tech scope; and the recoil is strong enough to tear someone\'s arms off if they fire it carelessly. However dangerous it is, the trade-off is well worth it for such immense power in a rifle-sized package.', 0);
INSERT INTO `kiw_items` VALUES (94, 1, 'Mandalorian Armor', 1000000, 10, -1, 1, 'nottin', 10);
INSERT INTO `kiw_items` VALUES (88, 4, 'ShrapnelGlow', 100000, 1, -1, 4, 'Similar to the Chaingun, the Glowgun fires glowing studs at high speed. Can\'t find the prey in the dark? Whip out this gun and fire a couple dozen glowing studs into his flesh. Not only will you be able to see him, you\'ll be able to see him writhe in pain!', 0);
INSERT INTO `kiw_items` VALUES (89, 2, 'Mandalorian Daggar', 75000, 1, -1, 4, 'Modeled after the only original Mandalorian Daggar in existance, on displayd at the KIW headquarters, this blade is an identical replica. The blade itself is seven inches in length and formed from pure diamond crystal. The diamond blade is laced with thousands of electrical conveying fibers that are used to move the weapon\'s high energy current throughout the lenghth of the blade. The base of the blade is made of black ebony and has many religious Mandalorian symbols carved into it. Inside the base is the weapon\'s power supply, a small solar powered cell that can fully charge after only a minute in the sun. When activated (by gripping the handle) the fibers in the blade are charged with energy from the solar cell, causing the entire length of the blade to glow the color of the nearby sun. Being in the area of a White Dwarf will produce a white glow, whereas being near a Red Giant will produce a red glow. The only drawback is that the power supply can only be charged by solar energy, so you must be under a natural sun to charge the weapon. So if you want a weapon that is stylish, rare-looking, and beautiful, this is it, but if you\'re looking for a primary weapon, you should look for something more powerful.', 0);
INSERT INTO `kiw_items` VALUES (90, 5, 'Flechette Launcher', 200000, 6, -1, 1, 'The flechette launchers are weapons that are a tube that shoots canisters and small missiles that are designed to exploded close to their target, and releasing hundreds of razor-sharp flechettes at high velocity. The Malaxan Firepower FWG-5 flechette pistol is a typical hand held flechette launcher with a optimum range of 50 meters and a maximum range of 100 meters, and has the stopping power of a heavy blaster pistol. The FGW-5 is equipped with a laser tracking system, that allows the launcher to control the projectile while in flight. When the cartridge is within 3 meters of the target, it explodes and releases dozens of tiny flechette darts that are powerful enough to puncture blast vests, ceramic armor, and even plasteel armor that is worn by stormtroopers. The explosion spreds the darts over a 2 meter area so even a miss can injure the target, and the ammunition clip holds 8 flechette cartridges. Golan Arms FC1 is a traditional shoulder-braced flechette weapon that is widely used by the Corporate Sector Authority security police. The FC1 has a optimum range of 100 meters and a maximum range of 250 meters, and it has the capibity to fire both antipersonal and antivehicle canisters. The scope on the launcher can program the detonation range of up to ten meters from the target for maximum damage. The FC1 hold four canister tubes each with a single canister, and has a reserve chamber for two additional canisters. The standard antipersonal canister is a small globe that releases hundreds of flechettes over a ten-meter-diameter, which means a well placed shot can eliminate an entire squad of troopers. Most antivehicle rounds consist of eleven-centimeter-long missiles, and can be exploded five meters from the target. The cloud of antivehicle rounds can rip through ten centimeters of durasteel armor plating.', 0);
INSERT INTO `kiw_items` VALUES (91, 2, 'Cats Claws', 75000, 1, -1, 4, 'This is a pair of carbon-fiber reinforced fighting gloves that have retractable 6-inch long vibroclaws in fingertip sheaths. The gloves closly monitor the movements of the wrist tendens and thus extend and retract the claws just as a person would normally extend and retract his fingers. The blades cause extreme lacerations to the victim.', 0);
INSERT INTO `kiw_items` VALUES (92, 5, 'Cerebral Bore', 250000, 10, -1, 1, 'Large one-handed gun that fires probes that lock onto and home in on the brainwaves of a target. Once the probe reaches its target. claws are used to attach itself to the victim\'s cranium. The probe uses a durasteel drillbit to bore through the skull and inject corrosive acid into the victim\'s cranial cavity. The drawback is the probe\'s inability to lock unto targets with low brainwave patterns. The probe can then possibly lock onto another target\'s brainwaves, possibly even the brainwaves of the firer.', 0);
INSERT INTO `kiw_items` VALUES (95, 2, 'Gaderffii', 50000, 1, -1, 4, 'The Gaderffii which are also known as gaffi sticks are a dangerous weapon that is wielded by the Sand People of Tatooine. The gaderffii has a simple design that consists of a hollow durasteel tube with a cutting blade affixed on one end and a weighted club or second blade attached on the other end. The double-edged ax blades are sharpend to a razor\'s edge, which allows them to cleave blasters or living beings in two. Since conflict and intimidation play significant roles in Tusken Raider culture their gaffi sticks often help show social standing inside the clan. The gaderffii also serves a double purpose as weapons and as tools that can be used during the clans trips, such as the ax blades can be used to carve marks that indicate the clans territory or to leave warnings on rock faces.', 0);
INSERT INTO `kiw_items` VALUES (96, 2, 'Force Pike', 100000, 1, -1, 4, 'The Imperial Royal Guards wrapped in their flowing red robes and full body armor, and hidden by their masks they are armed with the powerful force pikes. These guards were the Emperor\'s personal body guards. The force pike is a two-meter-long pole-arm weapon topped with a charged power tip. The weapon weighs barely seven kilograms, which is light for it size. Just like other vibroweapons the force pike is powered by a power cell that generates and energizes an ultrasonic vibration generator and so produces a distinctive low hum. Conductive circuits line the pole\'s interior and carries the ultrasonic charge to the power tip, which then emits thousands of microscopic vibrations per second. This rapid motion allows the blade to slice effortlessly slice through stone, metal, and flesh. The vibrating action means that even a grazing attack can cause serious damage. The force pike is also equipped with a stun charge that when the tip comes within 4 centimeters of the target it shots the stun. The shock is powerful enough to knock a full-grown Wookiee inconscious.', 0);
INSERT INTO `kiw_items` VALUES (98, 2, 'Ryyk Blades', 50000, 1, -1, 4, 'The Ryyk blades are the traditional hand weapons that are carried by the Wookiees of Kashyyyk. The warriors ryyk blade is a prized personal possession, and like the bowcaster is an extention of his or her personal being. Any Wookiee that manages to hunt with only a ryyk blade is regarded with great respect by his or her clan mates. The ryyk blades weigh at least 13 pounds, and were first developed when the Wookiees were still technologicaly primitave. They used the ryyk blades to hunt and carve paths through the trees. Even with the addition of technology into the Wookiees life they still carry and use ryyk blades. Predators such as katarns and webweavers can seemingly materialize from the trees and attack without warning, which makes the ryyk blade a perfect weapon because most of the time the warrior wouldn\'t have time to draw and fire the bowcaster. When the Imperial Forces occupided the planet of Kashyyyk and forced the Wookiees to work for them, the Wookiees would use ryyk blades to carve new paths through the forest to make amubshes on the Imperial Troops.', 0);
INSERT INTO `kiw_items` VALUES (103, 7, 'Thermal Detonator', 20000, 1, -1, 4, 'Thermal Detonator are very powerful hand held weapons and due to this are strickty controled. The small metal ball looks like a common grenade, but the casing holds a synthetic explosive known as baradium, and the weapon is armed when the trigger is pushed, then warning lights and alarms are activated, as a six-second counter is activated. The count down can be aboarted by returning the switch to its orginal possition. The thermal detonators timer may be reset to a maximum of 5 minutes or it can be set with a dead mans switch, which means that when the switch is thrown it will explode. When the detonator explodes it activates the baradium and a proccess of fusion begans, as the baradium\'s fusion reaction creates a particle field that quickly expands outward, releasing enough energy and heat to vitually disintegrate anything caugh in the blast sphere. Most standard Imperial issue detonators have a small baradium core with a blast sphere of only about 5 meters, and the Class-A thermal detonator has a radius of 20 meters, and some criminals have custom built thermal detonators with enough baradium to give it a 100 meter sphere. Baradium is dangerously unstable, and sometimes by triggering a fusion reaction if the detonator is jarred or exposed to excessive heat. Thermal detonators are strictly controled by the military and they are only military issue weapons, and are illegal for civilian possession, but this creates massive black market demands driving the price up to 20,000 credits per detonator.', 0);
INSERT INTO `kiw_items` VALUES (105, 2, 'Stokhli Spray Stick', 40000, 1, -1, 4, 'The Stokhli Spray Sticks are named after the Srokhli nomads of the planet Manress, which the nomads developed for capturing and subduing large animals during hunting expeditions. The weapons is a thin meter-long metal tube that weighs only 4 pounds, and when fired the weapon emits a sharp hiss and has a considerable kickback. Then a thin translucent mist spirals out of the nozzels at high speed. The mist once exposed to the cooling air turns to a liquid and then into a solid cylindrical net as it spins. The weapon has an optimum range of 100 meters and a maximum range of 200 meters. The net wraps around the target then devilvers a powerful electrical stun charge, and tremendous strength is needed to rip free of the netting. The spraymist solution is manufactured exclusively by the Stokhli people and is highly resitant to most solvents and vibroblades, although it decats naturally over the course of several hours. Even lightsabers aren\'t much good against the netting. The Stokhli Spray Stick has a hefty price tag of fourty thousand credits and are very difficult to find off Manress.', 0);
INSERT INTO `kiw_items` VALUES (106, 7, 'Wrist Rockets', 100000, 1, -1, 4, 'The wrist rockets weapon is a favoite of many bounty hunters who belive there is no such thing as being too heavily armed, and wrist rockets are light yet formidable weapons. Even a basic wrist rocket system can be a bounty hunters last line of defense if all of the bounty hunters other weapons are disabled. The MM9 wrist rocket system uses both Dumb Rockets (those that lack tracking systems) and homing rockets. With a homing rocket the MM9\'s anti-launch cylinder locks the rock in place, while the targeting computer automatically interfaces with the rocket\'s own system. Pressing the anti-launch release stud enables the warhead and activates the targeting laser, which locks on the target and begens automatically tracking the target sending the updated information to the warhead. The MM9 model which is the one that the nortorious bounty hunter Boba Fett uses has a direct interface with his helmet\'s targeting systems. Fett also carries a series of diffrent rockets in his belt pouches, even though he preferres to use the Locris Syndicates Type-12As explosive rockets and the Merr-Sonn K26 explosive rockets. He also carries the Locrus Type-12B rocket which has a payload of FGA-583 nerve agent that can render a victim unconsious in less than six seconds. Fett also possesses specialty rockets that deliver stun gas, ion blasts, or luma blasts which release a blinding flash upon impact. The ranges on the rockets can widely vary, because the amount of propellant that is loaded in the rocket decides its range. Most short-range rockets have an optimum range of 15 meters with a maximum range of about 25 meters, while the K26 rockets can travel up to 150 meters with a optimum range of 75 meters. The MM9 also includes a small magnetic accelerator for launching projectiles that are similar to bowcaster quarrels. The accelerators primary advantage is the low price of ammunition but they have no tracking system and they have a maximum range of 25 meters.', 0);
INSERT INTO `kiw_items` VALUES (107, 3, 'Ssi-ruuvi Paddle Beamer', 100000, 1, -1, 4, 'The Ssi-Ruuvi paddle beamer is a weapon that is used by the Ssi-ruuk and is a large disk with a simple control stock and trigger on the underside. The frame has several reniforced claw guards, so the Ssi-ruuk can grip the weapon one-handed. The Ssi-ruuk carry the weapon on there shoulders in shoulder bags or on tool belts or bandoliers since they don\'t wear clothing. The Ssi-Ruuvi paddle beamer creates a threadlike silver ion beam, and its primary function is to paralyze its target by interfering with his or her nervous system. The ion blast can numb an extremity for several hours and striking a primary nervous system pathway completely paralyzes the target, knocking him or her unconscious. The Ssi-Ruuvi paddle beamer has an optimum range of 8 meters, and a maximum range of 12 meters, and the ion passes through force fields, and battle armor. The ion beam cannot be deflected by a lightsaber.', 0);
INSERT INTO `kiw_items` VALUES (108, 3, 'Jawa Ionization Blaster', 50000, 1, -1, 4, 'The Jawa ionization blaster is a scavenged blaster that they have put together in the form of a ionization blaster with parts that they have scavenged from Tatooines desert waste lands. In most Jawa ionization blasters the weapon is customized from a mixture of componets that are haphazardly wired together. The Jawas in there dark work shops take and strip blasters components except for the power pack and then replace the laser components with a droid-restraining bolt and an accu-accelerator, which usally has been taken from starships ion drives. When Jawa ionization blaster is fired, the power pack activates the restraining bolt which releases an ion stream configured to broadcast the bolts "halt" command. This normally causes the restraining bolts on droids to stop them but when this is sent through the accu-accelerator it relsults in a ion burst that sends electrical energy racing over the droid. The custom-built blasters not reliable and when they do work they work but when they don\'t they have been known to exploded in spectacular fashion. The weapons optimum range is 8 meters and a maximum of 12 meters. Imperial soldiers use a similar but much more reliable and powerful weapon, the Merr-Sonn DEMP (Destructive ElectroMagnetic Pulse) gun.', 0);
INSERT INTO `kiw_items` VALUES (115, 2, 'Individual Field Disruptor', 50000, 1, -1, 4, 'Individual field disruptors are high-powered portable energy protection systems that are used to defeat energy screens and fences. Energy fences are walls of visible deadly energy, which if touched can repel a being like a heavy blaster bolt would, but the individual field disruptor if powerful enough can get through the fence, and it won\'t trip and sensors, trip lasers, or other common security devices. The individual field disruptor does have a draw back it will not compenstate for the fenses power rating, and will make the person take the full brunt of the fence\'s blast. Individual field disruptors usally are a fifteen-centimeter-long case that holds the power cell, control computer, and twin projection shells. The minimum setting on the Evasive-13 can pass through low-powered fences, and the power cell will last for over an hour of use, and at the maximum output which is usally necessary to counteract many military-grade fences drains the battery in less than four minutes. When the Evasive-13 was first relesed over a decade ago it had a price of 125,000 credits, and with the development of more advanced individual field disruptors the Evasive-13 has become midevil and drop to around 50,000 credits. The Evasive-13 can now counteract most civilian fences but most military grade fences have high enough energy output levels to counteract the disruptor.', 0);
INSERT INTO `kiw_items` VALUES (112, 2, 'Stun Baton', 25000, 1, -1, 4, 'The stun baton and riot armor combination is used to control public protests and riots in cities around the galaxy. The Merr-Sonn Stun Baton is used widely by both the Empire and Corporate Sector Authority to control civil upheaves. The Merr-Sonn stun baton is a weighted club that has been coupled with a shock charge generator. The stun baton is a simple design but is very effective against unarmed protesters, due to the fact that the stun baton is lined with scores of miniature shock projectors that deliver a stunning and painful charge that can paralyze a person for several minutes. The stun baton is designed with a variable charge setting that is set by spinning a small dial above the recharge socket. The rechargeable power cell lasts for three hours of continuous use. The stun baton is probally the most avaliable tool to security forces, which also usally carry blastshields and wear full riot armor. The Merr-Sonn KZZ riot armor has a hardened ceramic plating to deflect rocks, bullets, and other projectiles. The helmets have retractable blast visors to negate the effects of luma flash grenades, while the insulated body suits that are worn under the armor block stun blasts. Sometimes inparticularly dangerous situations personel will be issued oxygen processors and sealed enviorment suits to block stun gases, nerve agents, and other toxins.', 0);
INSERT INTO `kiw_items` VALUES (113, 3, 'BlasTech DH-17 Blaster ', 75000, 1, -1, 4, 'The BlasTech DH-17 blaster pistol is a standard-issue military sidearm that is used by both the Imperial Navy and Rebel Soldiers. The sturdy design makes it a weapon that remains a popular weapon with New Republic personel. The DH-17 is a blaster designed for short-ranged combat, with an optimum range of 30 meters and a maximum range of 120 meters. The weapon itself can pierce stormtrooper armor or penetrate a low-level force field but it won\'t puncture the hull of starships. The weapon is perfect for shipboard troopers, also it is equiped with a low power stun setting that can knock a human unconscious for up to 10 minutes. The DH-17\'s blaster gas chamber carries enough gas for over five hundred shots, and while its power supply has enough energy for 100 shots. The DH-17 is a semiautomatic, but it can be modified for fully automatic firing, but this mode can drain the power pack in less than 20 seconds and the heat may melt the internal components or cause an explosive overload. The DH-17 is illegal for nonmilitary personnel to posses, but the weapon is widely available on the black market.', 0);
INSERT INTO `kiw_items` VALUES (114, 2, 'VibroAxe', 75000, 1, -1, 4, 'Vibro-Axes are a favorite among the Gamorrean species, and they were essential to Jabba the Hutt\'s amusement, because there blades could herd unsuspecting visitors over the rancor\'s pit. Vibro-Axes are varied widely in quality and power output, but they all have the same basic function, which a power cell supplies energy to an ultrasonic vibration generator, that propells the cutting blade through thousands of microscopic vibrations per second. Even though there are much better made vibro-axes the Gamorrean guards in Jabba\'s palace insisted on carrying crude vibro-axes made by Snogrutt, a master weapon maker from their home clan o Groogrun. The vibro-ax has a wooden shaft that holds a hollow ax head, which contains both the ultrasonic generator and the power cell. This creates a tremendous amount of vibration that travels down the wooden handle and the Gamorreans are among the only species that can handle the vibro-axes because of the vibration. Jabba\'s other guards that included a number of Weequay, and Nikto warriors prefered to use the more practical SoroSuub BD-1 Cutter Vibro-Ax. This weapon had a hollow durasteel shaft with internal dampeners that absorb vibrations from the ax blade. The six power cells allow the blade to run for up to eight hours.', 0);
INSERT INTO `kiw_items` VALUES (116, 7, 'Cryo Grenade', 15000, 1, -1, 4, 'The Merr-Sonn WW-41 CryoBan grenade is used but it uses chemical agents that absorbs heat energy, which effectively creates an area of intense cold at the detonation point. CryoBan is a fire suppressant but it can be used to destroy electronic components, droids, and vehicles that are not adapted for the cold. Soldiers exposed to CryoBan experience numbing cold and unless treated immediately with bacta, they may lose limbs or suffer severe nerve damage.', 0);
INSERT INTO `kiw_items` VALUES (118, 3, 'Emperor-4 Beam Tube ', 150000, 1, -1, 4, 'Over a thousand years ago, during the days of barbarian warlords such as Xim the Despot and longe before the rise of the Old Republic, projectile guns, and magnetic accelerators ruled the battlefield. Mobile energy weapons called beam tubes were developed. Even though most Core World citizens have only seen museum replicas, beam tubes are still in use in some remote regions of the galaxy. Despite numerous limitations, the first beam tubes changed the balance of power on those legendary battlefields. The Emperor-4 beam tube is powered by a massive backpack power cell that weighs over thirty kilograms but delivers less than a hundred shots, and the weapon itself limits the soldiers abbility because it must be fired two handed and weighs over fifteen kilograms. To create and help focus the high-intensity particle beam the Emperor-4 uses four energy cyclers, twelve refinement tubes, and twelve low-grade crystals. All this wasteful energy conversion creates tremendous heat and requires the tubes sensitive components to be protected by twelve cooling motors, although they direct hot air into the soldiers face. The sensitive internal refinement tubes can be easily thrown out of alignment and reconfiguring them takes nearly four hours. The Emperor-4 takes several seconds to process enough power for a blast with an optimum range of 20 meters and a maximum range of 50 meters. Due to the fact that the tubes limited ammunition forces often worked in squads while one fired the other would recharge at a portable power generator on a repulsorlift sled.', 0);
INSERT INTO `kiw_items` VALUES (119, 3, 'BlasTech T-21 Repeater', 150000, 1, -1, 4, 'The light repeating blaster is a weapon that is significantly more powerful than a standard blaster rifle, and the BlasTech T-21 is the most deadly Imperial Blaster that can be carried and fired by one soldier. Imperial artillery sections normally include atleast one soldier with the T-21 who can provide cover for the crew men. Even though medium and heavy repeating blaster provide signifacantly more firepower than the T-21 does, but the T-21 doesn\'t require a crew of three or more to operate. The T-21 is designed for the soldier on the move, and is designed with a belt-carried tripod and twenty-kilogram backpack generator that can be set up in less than 30 seconds. The weapon can be fired two handed by a soldier on the move, but the light tripod offers improved accuracy, and the tripod itself can be fully extended for instances when the T-21 is to be used as a weapon emplacement. The T-21 has a maximum range of 300 meters, and an optimim range of 150 meters. The standard power packs provide only enough power for 25 shots, and the separate continuous-feed power generator gives the weapon potentailly unlimited fire power. The T-21 is a devastating weapon against infantry and wields enough power output to slice easily through most infantry and break down force fields. The T-21 can also be hooked up to an even lager power generator for full automatic fire, but this tactic does require a second crew member to carry and maintain the bulkier generator.', 0);
INSERT INTO `kiw_items` VALUES (120, 7, 'Illudium Q-36 Explosive Space Modulator', 300000, 10, -1, 1, 'Looks very much like a child\'s firecracker, one of the "M-80s" so popular.\r\nIn fact, the Modulator produces enough energy that, when focussed properly,\r\nwhole planets can be cracked in half.  ', 0);
INSERT INTO `kiw_items` VALUES (121, 2, 'Shovel', 1000, 1, -1, 4, 'A shovel is a very useful thing for a hunter to have. You can bury things you don\'t want others to find (money or people, for example), and you can even hit people on the back of the head with one in an emergency. Like a towel, one shouldn\'t leave home without it.', 0);
# --------------------------------------------------------

#
# Table structure for table `kiw_itemtypes`
#

CREATE TABLE `kiw_itemtypes` (
  `id` int(11) NOT NULL auto_increment,
  `name` tinytext NOT NULL,
  `description` text NOT NULL,
  PRIMARY KEY  (`id`),
  UNIQUE KEY `id` (`id`),
  KEY `id_2` (`id`)
) TYPE=MyISAM COMMENT='Item types';

#
# Dumping data for table `kiw_itemtypes`
#

INSERT INTO `kiw_itemtypes` VALUES (1, 'Special Edition', 'Special Edition weapons are a limited thing, so get them while you can before the next set is up. Very few can own them due to the price but special weapons are by far the best tool for any task. ');
INSERT INTO `kiw_itemtypes` VALUES (2, 'Melee', 'Melee weapons are usually used for short range combat and are sometimes collectors kiw_items, however, some of these can also be thrown. ');
INSERT INTO `kiw_itemtypes` VALUES (3, 'Energy', 'Designed to destroy with pure energy, these weapons pack a huge punch and can sometimes affect ships as big as anything sold at SSL. ');
INSERT INTO `kiw_itemtypes` VALUES (4, 'Chemical', 'There is nothing better than a weapon that can easily melt, burn or freeze its way through almost any substance, including flesh. ');
INSERT INTO `kiw_itemtypes` VALUES (5, 'Experimental', 'Experimental weapons have not yet been tested and instead of spending our money to test their reliability and safty, we\'ll just use the overzealous hunters. ');
INSERT INTO `kiw_itemtypes` VALUES (6, 'Slug Thrower', 'Lead, hot lead fired at high speeds towards the enemy. These weapons may be a little antiquated, but they still get the job done. ');
INSERT INTO `kiw_itemtypes` VALUES (7, 'Explosive', 'Explosive weapons usually fire projectiles that explode (duh) on impact or when detonated. These weapons are great for punching a whole in anything you care to destroy.');
# --------------------------------------------------------

#
# Table structure for table `kiw_sales`
#

CREATE TABLE `kiw_sales` (
  `id` int(11) NOT NULL auto_increment,
  `item` int(11) NOT NULL default '0',
  `owner` int(11) NOT NULL default '0',
  `quantity` int(11) NOT NULL default '0',
  PRIMARY KEY  (`id`),
  UNIQUE KEY `id` (`id`),
  KEY `id_2` (`id`,`item`,`owner`)
) TYPE=MyISAM COMMENT='Sales of items to customers';

#
# Dumping data for table `kiw_sales`
#

INSERT INTO `kiw_sales` VALUES (4, 47, 45, 1);
INSERT INTO `kiw_sales` VALUES (10, 94, 85, 1);
INSERT INTO `kiw_sales` VALUES (5, 87, 45, 1);
INSERT INTO `kiw_sales` VALUES (6, 27, 45, 1);
INSERT INTO `kiw_sales` VALUES (7, 81, 45, 1);
INSERT INTO `kiw_sales` VALUES (9, 94, 244, 1);
INSERT INTO `kiw_sales` VALUES (11, 94, 183, 1);
INSERT INTO `kiw_sales` VALUES (12, 94, 229, 1);
INSERT INTO `kiw_sales` VALUES (13, 94, 258, 1);
INSERT INTO `kiw_sales` VALUES (15, 36, 765, 1);
INSERT INTO `kiw_sales` VALUES (16, 62, 257, 1);
INSERT INTO `kiw_sales` VALUES (17, 35, 257, 1);
INSERT INTO `kiw_sales` VALUES (18, 56, 257, 1);
INSERT INTO `kiw_sales` VALUES (19, 3, 257, 1);
INSERT INTO `kiw_sales` VALUES (20, 94, 152, 1);
INSERT INTO `kiw_sales` VALUES (21, 94, 47, 1);
INSERT INTO `kiw_sales` VALUES (22, 94, 257, 1);
INSERT INTO `kiw_sales` VALUES (23, 94, 108, 1);
INSERT INTO `kiw_sales` VALUES (24, 94, 94, 1);
INSERT INTO `kiw_sales` VALUES (25, 94, 168, 1);
INSERT INTO `kiw_sales` VALUES (26, 96, 14, 1);
INSERT INTO `kiw_sales` VALUES (27, 51, 23, 1);
INSERT INTO `kiw_sales` VALUES (28, 89, 14, 1);
INSERT INTO `kiw_sales` VALUES (29, 30, 14, 1);
INSERT INTO `kiw_sales` VALUES (30, 29, 14, 1);
INSERT INTO `kiw_sales` VALUES (31, 25, 14, 1);
INSERT INTO `kiw_sales` VALUES (32, 3, 14, 1);
INSERT INTO `kiw_sales` VALUES (33, 7, 14, 1);
INSERT INTO `kiw_sales` VALUES (34, 119, 14, 1);
INSERT INTO `kiw_sales` VALUES (35, 8, 14, 1);
INSERT INTO `kiw_sales` VALUES (36, 10, 14, 1);
INSERT INTO `kiw_sales` VALUES (37, 54, 14, 10);
INSERT INTO `kiw_sales` VALUES (38, 29, 230, 1);
INSERT INTO `kiw_sales` VALUES (39, 86, 230, 1);
INSERT INTO `kiw_sales` VALUES (40, 103, 14, 10);
INSERT INTO `kiw_sales` VALUES (41, 90, 14, 1);
INSERT INTO `kiw_sales` VALUES (722, 98, 1004, 2);
INSERT INTO `kiw_sales` VALUES (721, 48, 1264, 4);
INSERT INTO `kiw_sales` VALUES (44, 84, 14, 1);
INSERT INTO `kiw_sales` VALUES (720, 120, 275, 1);
INSERT INTO `kiw_sales` VALUES (719, 56, 80, 1);
INSERT INTO `kiw_sales` VALUES (718, 52, 392, 1);
INSERT INTO `kiw_sales` VALUES (717, 93, 392, 1);
INSERT INTO `kiw_sales` VALUES (716, 47, 392, 1);
INSERT INTO `kiw_sales` VALUES (715, 116, 392, 1);
INSERT INTO `kiw_sales` VALUES (714, 81, 392, 1);
INSERT INTO `kiw_sales` VALUES (713, 56, 392, 1);
INSERT INTO `kiw_sales` VALUES (712, 10, 392, 1);
INSERT INTO `kiw_sales` VALUES (711, 36, 392, 1);
INSERT INTO `kiw_sales` VALUES (710, 27, 392, 1);
INSERT INTO `kiw_sales` VALUES (709, 98, 392, 1);
INSERT INTO `kiw_sales` VALUES (708, 106, 123, 1);
INSERT INTO `kiw_sales` VALUES (707, 55, 123, 1);
INSERT INTO `kiw_sales` VALUES (706, 89, 484, 1);
INSERT INTO `kiw_sales` VALUES (705, 29, 484, 1);
INSERT INTO `kiw_sales` VALUES (704, 80, 484, 1);
INSERT INTO `kiw_sales` VALUES (703, 55, 484, 1);
INSERT INTO `kiw_sales` VALUES (702, 29, 765, 1);
INSERT INTO `kiw_sales` VALUES (701, 56, 356, 2);
INSERT INTO `kiw_sales` VALUES (700, 10, 158, 1);
INSERT INTO `kiw_sales` VALUES (699, 53, 158, 1);
INSERT INTO `kiw_sales` VALUES (698, 80, 95, 1);
INSERT INTO `kiw_sales` VALUES (697, 96, 95, 1);
INSERT INTO `kiw_sales` VALUES (696, 52, 95, 3);
INSERT INTO `kiw_sales` VALUES (695, 119, 95, 2);
INSERT INTO `kiw_sales` VALUES (694, 64, 95, 2);
INSERT INTO `kiw_sales` VALUES (693, 106, 95, 2);
INSERT INTO `kiw_sales` VALUES (692, 35, 230, 1);
INSERT INTO `kiw_sales` VALUES (691, 80, 765, 1);
INSERT INTO `kiw_sales` VALUES (690, 47, 765, 2);
INSERT INTO `kiw_sales` VALUES (689, 44, 1036, 1);
INSERT INTO `kiw_sales` VALUES (688, 47, 1177, 1);
INSERT INTO `kiw_sales` VALUES (687, 52, 1177, 1);
INSERT INTO `kiw_sales` VALUES (686, 91, 1384, 1);
INSERT INTO `kiw_sales` VALUES (685, 106, 1384, 1);
INSERT INTO `kiw_sales` VALUES (684, 47, 1384, 1);
INSERT INTO `kiw_sales` VALUES (683, 103, 1384, 1);
INSERT INTO `kiw_sales` VALUES (682, 57, 1197, 1);
INSERT INTO `kiw_sales` VALUES (681, 91, 1356, 1);
INSERT INTO `kiw_sales` VALUES (680, 113, 1356, 1);
INSERT INTO `kiw_sales` VALUES (679, 56, 1356, 1);
INSERT INTO `kiw_sales` VALUES (678, 89, 108, 1);
INSERT INTO `kiw_sales` VALUES (677, 45, 108, 1);
INSERT INTO `kiw_sales` VALUES (676, 56, 108, 1);
INSERT INTO `kiw_sales` VALUES (675, 7, 108, 1);
INSERT INTO `kiw_sales` VALUES (674, 115, 108, 1);
INSERT INTO `kiw_sales` VALUES (673, 91, 108, 1);
INSERT INTO `kiw_sales` VALUES (672, 62, 1289, 1);
INSERT INTO `kiw_sales` VALUES (671, 10, 1280, 1);
INSERT INTO `kiw_sales` VALUES (670, 47, 70, 1);
INSERT INTO `kiw_sales` VALUES (669, 113, 70, 1);
INSERT INTO `kiw_sales` VALUES (668, 103, 70, 1);
INSERT INTO `kiw_sales` VALUES (667, 119, 70, 1);
INSERT INTO `kiw_sales` VALUES (666, 103, 250, 5);
INSERT INTO `kiw_sales` VALUES (665, 10, 1238, 1);
INSERT INTO `kiw_sales` VALUES (664, 98, 1238, 1);
INSERT INTO `kiw_sales` VALUES (663, 120, 488, 1);
INSERT INTO `kiw_sales` VALUES (662, 50, 488, 1);
INSERT INTO `kiw_sales` VALUES (661, 90, 1187, 1);
INSERT INTO `kiw_sales` VALUES (105, 56, 1085, 1);
INSERT INTO `kiw_sales` VALUES (106, 103, 1085, 3);
INSERT INTO `kiw_sales` VALUES (107, 10, 1085, 1);
INSERT INTO `kiw_sales` VALUES (108, 113, 1085, 1);
INSERT INTO `kiw_sales` VALUES (109, 84, 258, 1);
INSERT INTO `kiw_sales` VALUES (390, 8, 546, 1);
INSERT INTO `kiw_sales` VALUES (111, 30, 258, 1);
INSERT INTO `kiw_sales` VALUES (112, 26, 258, 6);
INSERT INTO `kiw_sales` VALUES (113, 115, 258, 1);
INSERT INTO `kiw_sales` VALUES (114, 96, 258, 1);
INSERT INTO `kiw_sales` VALUES (115, 113, 258, 2);
INSERT INTO `kiw_sales` VALUES (116, 11, 258, 2);
INSERT INTO `kiw_sales` VALUES (117, 6, 258, 1);
INSERT INTO `kiw_sales` VALUES (389, 2, 546, 1);
INSERT INTO `kiw_sales` VALUES (119, 86, 258, 1);
INSERT INTO `kiw_sales` VALUES (120, 62, 258, 10);
INSERT INTO `kiw_sales` VALUES (386, 106, 546, 1);
INSERT INTO `kiw_sales` VALUES (122, 35, 258, 1);
INSERT INTO `kiw_sales` VALUES (123, 48, 258, 10);
INSERT INTO `kiw_sales` VALUES (124, 55, 258, 4);
INSERT INTO `kiw_sales` VALUES (125, 103, 258, 20);
INSERT INTO `kiw_sales` VALUES (126, 46, 258, 10);
INSERT INTO `kiw_sales` VALUES (127, 35, 250, 1);
INSERT INTO `kiw_sales` VALUES (128, 83, 250, 1);
INSERT INTO `kiw_sales` VALUES (129, 64, 106, 50);
INSERT INTO `kiw_sales` VALUES (130, 116, 106, 50);
INSERT INTO `kiw_sales` VALUES (131, 103, 106, 125);
INSERT INTO `kiw_sales` VALUES (132, 55, 106, 50);
INSERT INTO `kiw_sales` VALUES (133, 106, 106, 50);
INSERT INTO `kiw_sales` VALUES (134, 35, 106, 15);
INSERT INTO `kiw_sales` VALUES (135, 34, 106, 10);
INSERT INTO `kiw_sales` VALUES (136, 92, 106, 10);
INSERT INTO `kiw_sales` VALUES (137, 90, 106, 10);
INSERT INTO `kiw_sales` VALUES (138, 83, 106, 10);
INSERT INTO `kiw_sales` VALUES (139, 81, 106, 10);
INSERT INTO `kiw_sales` VALUES (140, 87, 106, 15);
INSERT INTO `kiw_sales` VALUES (141, 47, 106, 10);
INSERT INTO `kiw_sales` VALUES (142, 51, 106, 10);
INSERT INTO `kiw_sales` VALUES (143, 52, 106, 5);
INSERT INTO `kiw_sales` VALUES (144, 50, 106, 20);
INSERT INTO `kiw_sales` VALUES (145, 49, 106, 15);
INSERT INTO `kiw_sales` VALUES (146, 46, 106, 10);
INSERT INTO `kiw_sales` VALUES (147, 48, 106, 10);
INSERT INTO `kiw_sales` VALUES (148, 45, 106, 5);
INSERT INTO `kiw_sales` VALUES (149, 44, 106, 15);
INSERT INTO `kiw_sales` VALUES (150, 36, 106, 5);
INSERT INTO `kiw_sales` VALUES (151, 80, 106, 5);
INSERT INTO `kiw_sales` VALUES (152, 32, 106, 5);
INSERT INTO `kiw_sales` VALUES (153, 25, 106, 5);
INSERT INTO `kiw_sales` VALUES (154, 88, 106, 5);
INSERT INTO `kiw_sales` VALUES (155, 28, 106, 5);
INSERT INTO `kiw_sales` VALUES (156, 31, 106, 15);
INSERT INTO `kiw_sales` VALUES (157, 27, 106, 20);
INSERT INTO `kiw_sales` VALUES (158, 26, 106, 15);
INSERT INTO `kiw_sales` VALUES (159, 30, 106, 5);
INSERT INTO `kiw_sales` VALUES (160, 29, 106, 8);
INSERT INTO `kiw_sales` VALUES (161, 86, 106, 20);
INSERT INTO `kiw_sales` VALUES (162, 119, 106, 15);
INSERT INTO `kiw_sales` VALUES (163, 118, 106, 10);
INSERT INTO `kiw_sales` VALUES (164, 93, 106, 6);
INSERT INTO `kiw_sales` VALUES (165, 7, 106, 6);
INSERT INTO `kiw_sales` VALUES (166, 6, 106, 10);
INSERT INTO `kiw_sales` VALUES (167, 107, 106, 6);
INSERT INTO `kiw_sales` VALUES (168, 3, 106, 15);
INSERT INTO `kiw_sales` VALUES (169, 113, 106, 35);
INSERT INTO `kiw_sales` VALUES (170, 108, 106, 5);
INSERT INTO `kiw_sales` VALUES (171, 2, 106, 16);
INSERT INTO `kiw_sales` VALUES (172, 8, 106, 10);
INSERT INTO `kiw_sales` VALUES (173, 11, 106, 5);
INSERT INTO `kiw_sales` VALUES (174, 10, 106, 35);
INSERT INTO `kiw_sales` VALUES (175, 96, 106, 6);
INSERT INTO `kiw_sales` VALUES (176, 114, 106, 3);
INSERT INTO `kiw_sales` VALUES (177, 91, 106, 16);
INSERT INTO `kiw_sales` VALUES (178, 89, 106, 20);
INSERT INTO `kiw_sales` VALUES (179, 115, 106, 10);
INSERT INTO `kiw_sales` VALUES (180, 98, 106, 5);
INSERT INTO `kiw_sales` VALUES (181, 95, 106, 5);
INSERT INTO `kiw_sales` VALUES (182, 105, 106, 10);
INSERT INTO `kiw_sales` VALUES (183, 112, 106, 15);
INSERT INTO `kiw_sales` VALUES (184, 56, 106, 25);
INSERT INTO `kiw_sales` VALUES (185, 62, 106, 50);
INSERT INTO `kiw_sales` VALUES (186, 57, 106, 50);
INSERT INTO `kiw_sales` VALUES (187, 54, 106, 50);
INSERT INTO `kiw_sales` VALUES (188, 53, 106, 50);
INSERT INTO `kiw_sales` VALUES (189, 48, 250, 2);
INSERT INTO `kiw_sales` VALUES (190, 10, 1171, 1);
INSERT INTO `kiw_sales` VALUES (191, 106, 1171, 1);
INSERT INTO `kiw_sales` VALUES (192, 3, 1171, 1);
INSERT INTO `kiw_sales` VALUES (193, 93, 473, 2);
INSERT INTO `kiw_sales` VALUES (194, 45, 1133, 2);
INSERT INTO `kiw_sales` VALUES (195, 52, 1133, 1);
INSERT INTO `kiw_sales` VALUES (196, 11, 1133, 1);
INSERT INTO `kiw_sales` VALUES (197, 98, 1133, 1);
INSERT INTO `kiw_sales` VALUES (198, 52, 22, 2);
INSERT INTO `kiw_sales` VALUES (199, 30, 22, 1);
INSERT INTO `kiw_sales` VALUES (200, 35, 22, 1);
INSERT INTO `kiw_sales` VALUES (201, 62, 22, 5);
INSERT INTO `kiw_sales` VALUES (202, 36, 22, 1);
INSERT INTO `kiw_sales` VALUES (203, 116, 22, 5);
INSERT INTO `kiw_sales` VALUES (204, 26, 22, 1);
INSERT INTO `kiw_sales` VALUES (205, 93, 22, 1);
INSERT INTO `kiw_sales` VALUES (206, 103, 22, 5);
INSERT INTO `kiw_sales` VALUES (207, 103, 141, 1);
INSERT INTO `kiw_sales` VALUES (208, 50, 141, 1);
INSERT INTO `kiw_sales` VALUES (209, 96, 141, 2);
INSERT INTO `kiw_sales` VALUES (210, 91, 141, 1);
INSERT INTO `kiw_sales` VALUES (211, 119, 141, 1);
INSERT INTO `kiw_sales` VALUES (212, 48, 141, 2);
INSERT INTO `kiw_sales` VALUES (213, 48, 1036, 1);
INSERT INTO `kiw_sales` VALUES (214, 10, 1036, 1);
INSERT INTO `kiw_sales` VALUES (215, 56, 1036, 2);
INSERT INTO `kiw_sales` VALUES (216, 56, 168, 16);
INSERT INTO `kiw_sales` VALUES (217, 62, 1036, 1);
INSERT INTO `kiw_sales` VALUES (218, 53, 295, 5);
INSERT INTO `kiw_sales` VALUES (219, 48, 295, 1);
INSERT INTO `kiw_sales` VALUES (220, 3, 295, 1);
INSERT INTO `kiw_sales` VALUES (221, 113, 295, 1);
INSERT INTO `kiw_sales` VALUES (222, 30, 370, 1);
INSERT INTO `kiw_sales` VALUES (223, 10, 370, 2);
INSERT INTO `kiw_sales` VALUES (224, 35, 370, 2);
INSERT INTO `kiw_sales` VALUES (225, 55, 370, 1);
INSERT INTO `kiw_sales` VALUES (226, 47, 370, 1);
INSERT INTO `kiw_sales` VALUES (227, 115, 370, 1);
INSERT INTO `kiw_sales` VALUES (228, 56, 488, 1);
INSERT INTO `kiw_sales` VALUES (229, 89, 488, 1);
INSERT INTO `kiw_sales` VALUES (230, 106, 488, 1);
INSERT INTO `kiw_sales` VALUES (231, 86, 488, 1);
INSERT INTO `kiw_sales` VALUES (232, 36, 488, 1);
INSERT INTO `kiw_sales` VALUES (233, 35, 488, 1);
INSERT INTO `kiw_sales` VALUES (234, 56, 816, 1);
INSERT INTO `kiw_sales` VALUES (235, 52, 816, 1);
INSERT INTO `kiw_sales` VALUES (236, 34, 488, 1);
INSERT INTO `kiw_sales` VALUES (237, 47, 488, 1);
INSERT INTO `kiw_sales` VALUES (238, 3, 488, 1);
INSERT INTO `kiw_sales` VALUES (239, 98, 488, 1);
INSERT INTO `kiw_sales` VALUES (240, 112, 488, 1);
INSERT INTO `kiw_sales` VALUES (241, 91, 488, 1);
INSERT INTO `kiw_sales` VALUES (242, 62, 488, 5);
INSERT INTO `kiw_sales` VALUES (243, 55, 488, 1);
INSERT INTO `kiw_sales` VALUES (244, 103, 488, 5);
INSERT INTO `kiw_sales` VALUES (245, 84, 94, 1);
INSERT INTO `kiw_sales` VALUES (246, 11, 174, 1);
INSERT INTO `kiw_sales` VALUES (247, 98, 174, 2);
INSERT INTO `kiw_sales` VALUES (248, 56, 511, 1);
INSERT INTO `kiw_sales` VALUES (249, 10, 511, 1);
INSERT INTO `kiw_sales` VALUES (250, 29, 511, 1);
INSERT INTO `kiw_sales` VALUES (251, 11, 244, 1);
INSERT INTO `kiw_sales` VALUES (252, 113, 244, 2);
INSERT INTO `kiw_sales` VALUES (253, 49, 244, 2);
INSERT INTO `kiw_sales` VALUES (254, 52, 244, 2);
INSERT INTO `kiw_sales` VALUES (255, 46, 244, 1);
INSERT INTO `kiw_sales` VALUES (256, 29, 244, 2);
INSERT INTO `kiw_sales` VALUES (257, 93, 244, 1);
INSERT INTO `kiw_sales` VALUES (258, 84, 244, 1);
INSERT INTO `kiw_sales` VALUES (259, 118, 244, 1);
INSERT INTO `kiw_sales` VALUES (260, 96, 244, 1);
INSERT INTO `kiw_sales` VALUES (261, 89, 244, 1);
INSERT INTO `kiw_sales` VALUES (262, 53, 244, 2);
INSERT INTO `kiw_sales` VALUES (263, 62, 244, 5);
INSERT INTO `kiw_sales` VALUES (264, 106, 244, 1);
INSERT INTO `kiw_sales` VALUES (265, 56, 230, 2);
INSERT INTO `kiw_sales` VALUES (266, 30, 675, 1);
INSERT INTO `kiw_sales` VALUES (267, 103, 675, 1);
INSERT INTO `kiw_sales` VALUES (268, 11, 675, 1);
INSERT INTO `kiw_sales` VALUES (269, 98, 675, 1);
INSERT INTO `kiw_sales` VALUES (270, 96, 569, 1);
INSERT INTO `kiw_sales` VALUES (271, 112, 569, 1);
INSERT INTO `kiw_sales` VALUES (272, 52, 258, 2);
INSERT INTO `kiw_sales` VALUES (273, 53, 258, 10);
INSERT INTO `kiw_sales` VALUES (274, 89, 258, 2);
INSERT INTO `kiw_sales` VALUES (275, 105, 258, 4);
INSERT INTO `kiw_sales` VALUES (276, 47, 258, 1);
INSERT INTO `kiw_sales` VALUES (277, 106, 511, 1);
INSERT INTO `kiw_sales` VALUES (278, 56, 1004, 1);
INSERT INTO `kiw_sales` VALUES (279, 91, 1004, 1);
INSERT INTO `kiw_sales` VALUES (388, 62, 546, 1);
INSERT INTO `kiw_sales` VALUES (387, 103, 546, 4);
INSERT INTO `kiw_sales` VALUES (282, 103, 168, 3);
INSERT INTO `kiw_sales` VALUES (283, 89, 168, 6);
INSERT INTO `kiw_sales` VALUES (284, 96, 168, 1);
INSERT INTO `kiw_sales` VALUES (285, 112, 168, 2);
INSERT INTO `kiw_sales` VALUES (286, 114, 168, 2);
INSERT INTO `kiw_sales` VALUES (287, 3, 168, 1);
INSERT INTO `kiw_sales` VALUES (288, 10, 168, 1);
INSERT INTO `kiw_sales` VALUES (289, 113, 168, 1);
INSERT INTO `kiw_sales` VALUES (290, 108, 168, 1);
INSERT INTO `kiw_sales` VALUES (291, 54, 1253, 1);
INSERT INTO `kiw_sales` VALUES (292, 56, 1253, 1);
INSERT INTO `kiw_sales` VALUES (293, 10, 1253, 1);
INSERT INTO `kiw_sales` VALUES (294, 81, 816, 1);
INSERT INTO `kiw_sales` VALUES (295, 89, 816, 1);
INSERT INTO `kiw_sales` VALUES (296, 49, 1264, 1);
INSERT INTO `kiw_sales` VALUES (297, 10, 1264, 1);
INSERT INTO `kiw_sales` VALUES (298, 47, 1218, 1);
INSERT INTO `kiw_sales` VALUES (299, 119, 1218, 1);
INSERT INTO `kiw_sales` VALUES (300, 44, 1247, 1);
INSERT INTO `kiw_sales` VALUES (301, 91, 495, 1);
INSERT INTO `kiw_sales` VALUES (302, 35, 141, 1);
INSERT INTO `kiw_sales` VALUES (303, 32, 141, 1);
INSERT INTO `kiw_sales` VALUES (304, 106, 141, 1);
INSERT INTO `kiw_sales` VALUES (305, 56, 741, 2);
INSERT INTO `kiw_sales` VALUES (306, 27, 741, 1);
INSERT INTO `kiw_sales` VALUES (307, 89, 741, 1);
INSERT INTO `kiw_sales` VALUES (308, 2, 741, 1);
INSERT INTO `kiw_sales` VALUES (309, 10, 741, 1);
INSERT INTO `kiw_sales` VALUES (310, 84, 144, 1);
INSERT INTO `kiw_sales` VALUES (311, 94, 144, 1);
INSERT INTO `kiw_sales` VALUES (312, 113, 1177, 1);
INSERT INTO `kiw_sales` VALUES (313, 91, 1177, 1);
INSERT INTO `kiw_sales` VALUES (314, 113, 494, 3);
INSERT INTO `kiw_sales` VALUES (315, 29, 494, 1);
INSERT INTO `kiw_sales` VALUES (316, 91, 494, 1);
INSERT INTO `kiw_sales` VALUES (317, 55, 494, 1);
INSERT INTO `kiw_sales` VALUES (318, 106, 494, 2);
INSERT INTO `kiw_sales` VALUES (319, 103, 494, 5);
INSERT INTO `kiw_sales` VALUES (320, 62, 494, 5);
INSERT INTO `kiw_sales` VALUES (321, 57, 494, 1);
INSERT INTO `kiw_sales` VALUES (322, 54, 494, 5);
INSERT INTO `kiw_sales` VALUES (323, 53, 494, 10);
INSERT INTO `kiw_sales` VALUES (324, 112, 94, 1);
INSERT INTO `kiw_sales` VALUES (325, 35, 94, 1);
INSERT INTO `kiw_sales` VALUES (326, 34, 94, 1);
INSERT INTO `kiw_sales` VALUES (327, 92, 94, 1);
INSERT INTO `kiw_sales` VALUES (328, 90, 94, 1);
INSERT INTO `kiw_sales` VALUES (329, 83, 94, 1);
INSERT INTO `kiw_sales` VALUES (330, 81, 94, 1);
INSERT INTO `kiw_sales` VALUES (331, 87, 94, 1);
INSERT INTO `kiw_sales` VALUES (332, 56, 94, 1);
INSERT INTO `kiw_sales` VALUES (333, 91, 94, 1);
INSERT INTO `kiw_sales` VALUES (334, 89, 94, 1);
INSERT INTO `kiw_sales` VALUES (335, 115, 94, 1);
INSERT INTO `kiw_sales` VALUES (336, 98, 94, 1);
INSERT INTO `kiw_sales` VALUES (337, 95, 94, 1);
INSERT INTO `kiw_sales` VALUES (338, 105, 94, 2);
INSERT INTO `kiw_sales` VALUES (339, 87, 666, 1);
INSERT INTO `kiw_sales` VALUES (340, 57, 666, 2);
INSERT INTO `kiw_sales` VALUES (341, 54, 666, 3);
INSERT INTO `kiw_sales` VALUES (342, 53, 666, 5);
INSERT INTO `kiw_sales` VALUES (343, 62, 666, 5);
INSERT INTO `kiw_sales` VALUES (344, 103, 666, 5);
INSERT INTO `kiw_sales` VALUES (345, 106, 666, 1);
INSERT INTO `kiw_sales` VALUES (346, 26, 666, 1);
INSERT INTO `kiw_sales` VALUES (347, 2, 666, 1);
INSERT INTO `kiw_sales` VALUES (348, 113, 666, 1);
INSERT INTO `kiw_sales` VALUES (349, 3, 666, 1);
INSERT INTO `kiw_sales` VALUES (350, 81, 666, 1);
INSERT INTO `kiw_sales` VALUES (351, 56, 666, 1);
INSERT INTO `kiw_sales` VALUES (352, 31, 666, 1);
INSERT INTO `kiw_sales` VALUES (353, 114, 94, 1);
INSERT INTO `kiw_sales` VALUES (354, 6, 94, 1);
INSERT INTO `kiw_sales` VALUES (355, 107, 94, 1);
INSERT INTO `kiw_sales` VALUES (356, 3, 94, 1);
INSERT INTO `kiw_sales` VALUES (357, 96, 94, 1);
INSERT INTO `kiw_sales` VALUES (358, 113, 94, 1);
INSERT INTO `kiw_sales` VALUES (359, 108, 94, 1);
INSERT INTO `kiw_sales` VALUES (360, 2, 94, 1);
INSERT INTO `kiw_sales` VALUES (361, 8, 94, 1);
INSERT INTO `kiw_sales` VALUES (362, 11, 94, 1);
INSERT INTO `kiw_sales` VALUES (363, 10, 94, 1);
INSERT INTO `kiw_sales` VALUES (364, 36, 94, 1);
INSERT INTO `kiw_sales` VALUES (365, 80, 94, 1);
INSERT INTO `kiw_sales` VALUES (366, 32, 94, 1);
INSERT INTO `kiw_sales` VALUES (367, 28, 94, 1);
INSERT INTO `kiw_sales` VALUES (368, 25, 94, 1);
INSERT INTO `kiw_sales` VALUES (369, 88, 94, 1);
INSERT INTO `kiw_sales` VALUES (370, 31, 94, 1);
INSERT INTO `kiw_sales` VALUES (371, 27, 94, 1);
INSERT INTO `kiw_sales` VALUES (372, 26, 94, 1);
INSERT INTO `kiw_sales` VALUES (373, 30, 94, 2);
INSERT INTO `kiw_sales` VALUES (374, 29, 94, 1);
INSERT INTO `kiw_sales` VALUES (375, 86, 94, 1);
INSERT INTO `kiw_sales` VALUES (376, 119, 94, 1);
INSERT INTO `kiw_sales` VALUES (377, 118, 94, 1);
INSERT INTO `kiw_sales` VALUES (378, 93, 94, 1);
INSERT INTO `kiw_sales` VALUES (379, 7, 94, 1);
INSERT INTO `kiw_sales` VALUES (380, 3, 229, 1);
INSERT INTO `kiw_sales` VALUES (381, 113, 229, 2);
INSERT INTO `kiw_sales` VALUES (382, 10, 229, 1);
INSERT INTO `kiw_sales` VALUES (383, 96, 229, 1);
INSERT INTO `kiw_sales` VALUES (384, 56, 229, 2);
INSERT INTO `kiw_sales` VALUES (385, 91, 229, 1);
INSERT INTO `kiw_sales` VALUES (391, 56, 546, 15);
INSERT INTO `kiw_sales` VALUES (392, 96, 546, 1);
INSERT INTO `kiw_sales` VALUES (393, 91, 546, 1);
INSERT INTO `kiw_sales` VALUES (394, 89, 546, 1);
INSERT INTO `kiw_sales` VALUES (395, 50, 1036, 1);
INSERT INTO `kiw_sales` VALUES (396, 112, 258, 1);
INSERT INTO `kiw_sales` VALUES (397, 56, 258, 4);
INSERT INTO `kiw_sales` VALUES (398, 90, 258, 2);
INSERT INTO `kiw_sales` VALUES (399, 10, 258, 4);
INSERT INTO `kiw_sales` VALUES (400, 119, 258, 2);
INSERT INTO `kiw_sales` VALUES (401, 3, 739, 1);
INSERT INTO `kiw_sales` VALUES (402, 113, 739, 1);
INSERT INTO `kiw_sales` VALUES (403, 119, 739, 1);
INSERT INTO `kiw_sales` VALUES (404, 44, 734, 1);
INSERT INTO `kiw_sales` VALUES (405, 10, 734, 1);
INSERT INTO `kiw_sales` VALUES (406, 3, 174, 1);
INSERT INTO `kiw_sales` VALUES (407, 115, 174, 1);
INSERT INTO `kiw_sales` VALUES (408, 50, 174, 2);
INSERT INTO `kiw_sales` VALUES (409, 89, 95, 12);
INSERT INTO `kiw_sales` VALUES (410, 91, 95, 2);
INSERT INTO `kiw_sales` VALUES (411, 81, 95, 1);
INSERT INTO `kiw_sales` VALUES (412, 86, 95, 2);
INSERT INTO `kiw_sales` VALUES (413, 106, 484, 1);
INSERT INTO `kiw_sales` VALUES (414, 36, 484, 1);
INSERT INTO `kiw_sales` VALUES (415, 96, 484, 1);
INSERT INTO `kiw_sales` VALUES (416, 32, 75, 1);
INSERT INTO `kiw_sales` VALUES (417, 91, 75, 1);
INSERT INTO `kiw_sales` VALUES (418, 89, 80, 1);
INSERT INTO `kiw_sales` VALUES (419, 113, 80, 1);
INSERT INTO `kiw_sales` VALUES (420, 119, 80, 1);
INSERT INTO `kiw_sales` VALUES (421, 10, 80, 3);
INSERT INTO `kiw_sales` VALUES (422, 3, 80, 1);
INSERT INTO `kiw_sales` VALUES (423, 103, 80, 4);
INSERT INTO `kiw_sales` VALUES (424, 35, 77, 1);
INSERT INTO `kiw_sales` VALUES (425, 80, 77, 1);
INSERT INTO `kiw_sales` VALUES (426, 29, 77, 1);
INSERT INTO `kiw_sales` VALUES (427, 47, 77, 1);
INSERT INTO `kiw_sales` VALUES (428, 52, 77, 1);
INSERT INTO `kiw_sales` VALUES (429, 49, 77, 1);
INSERT INTO `kiw_sales` VALUES (430, 44, 77, 1);
INSERT INTO `kiw_sales` VALUES (431, 113, 77, 1);
INSERT INTO `kiw_sales` VALUES (432, 86, 77, 1);
INSERT INTO `kiw_sales` VALUES (433, 2, 77, 1);
INSERT INTO `kiw_sales` VALUES (434, 91, 77, 1);
INSERT INTO `kiw_sales` VALUES (435, 56, 77, 1);
INSERT INTO `kiw_sales` VALUES (436, 48, 123, 2);
INSERT INTO `kiw_sales` VALUES (437, 89, 123, 1);
INSERT INTO `kiw_sales` VALUES (438, 119, 123, 1);
INSERT INTO `kiw_sales` VALUES (439, 107, 123, 1);
INSERT INTO `kiw_sales` VALUES (440, 90, 123, 1);
INSERT INTO `kiw_sales` VALUES (441, 106, 1085, 1);
INSERT INTO `kiw_sales` VALUES (442, 3, 1085, 1);
INSERT INTO `kiw_sales` VALUES (443, 53, 94, 1);
INSERT INTO `kiw_sales` VALUES (444, 10, 1105, 1);
INSERT INTO `kiw_sales` VALUES (445, 106, 1105, 1);
INSERT INTO `kiw_sales` VALUES (446, 56, 601, 2);
INSERT INTO `kiw_sales` VALUES (447, 113, 601, 1);
INSERT INTO `kiw_sales` VALUES (448, 113, 60, 1);
INSERT INTO `kiw_sales` VALUES (449, 114, 60, 1);
INSERT INTO `kiw_sales` VALUES (450, 3, 1258, 1);
INSERT INTO `kiw_sales` VALUES (451, 89, 1258, 1);
INSERT INTO `kiw_sales` VALUES (452, 10, 783, 5);
INSERT INTO `kiw_sales` VALUES (453, 52, 783, 1);
INSERT INTO `kiw_sales` VALUES (454, 56, 783, 1);
INSERT INTO `kiw_sales` VALUES (455, 55, 816, 1);
INSERT INTO `kiw_sales` VALUES (456, 3, 816, 1);
INSERT INTO `kiw_sales` VALUES (457, 56, 1012, 1);
INSERT INTO `kiw_sales` VALUES (458, 10, 1012, 1);
INSERT INTO `kiw_sales` VALUES (459, 48, 1165, 4);
INSERT INTO `kiw_sales` VALUES (460, 3, 1165, 2);
INSERT INTO `kiw_sales` VALUES (461, 56, 1165, 4);
INSERT INTO `kiw_sales` VALUES (462, 119, 1165, 1);
INSERT INTO `kiw_sales` VALUES (463, 103, 1165, 4);
INSERT INTO `kiw_sales` VALUES (464, 113, 1165, 2);
INSERT INTO `kiw_sales` VALUES (465, 53, 1165, 4);
INSERT INTO `kiw_sales` VALUES (466, 62, 1165, 4);
INSERT INTO `kiw_sales` VALUES (467, 108, 331, 1);
INSERT INTO `kiw_sales` VALUES (468, 56, 331, 1);
INSERT INTO `kiw_sales` VALUES (469, 91, 331, 1);
INSERT INTO `kiw_sales` VALUES (470, 3, 331, 1);
INSERT INTO `kiw_sales` VALUES (471, 106, 331, 1);
INSERT INTO `kiw_sales` VALUES (472, 29, 331, 1);
INSERT INTO `kiw_sales` VALUES (473, 48, 174, 1);
INSERT INTO `kiw_sales` VALUES (474, 44, 174, 1);
INSERT INTO `kiw_sales` VALUES (475, 10, 174, 1);
INSERT INTO `kiw_sales` VALUES (476, 31, 174, 1);
INSERT INTO `kiw_sales` VALUES (477, 89, 174, 1);
INSERT INTO `kiw_sales` VALUES (478, 90, 77, 1);
INSERT INTO `kiw_sales` VALUES (479, 106, 765, 1);
INSERT INTO `kiw_sales` VALUES (480, 56, 767, 2);
INSERT INTO `kiw_sales` VALUES (481, 56, 1297, 1);
INSERT INTO `kiw_sales` VALUES (482, 11, 1165, 2);
INSERT INTO `kiw_sales` VALUES (483, 98, 1165, 2);
INSERT INTO `kiw_sales` VALUES (484, 89, 1165, 2);
INSERT INTO `kiw_sales` VALUES (485, 114, 1165, 2);
INSERT INTO `kiw_sales` VALUES (486, 30, 331, 1);
INSERT INTO `kiw_sales` VALUES (487, 11, 331, 1);
INSERT INTO `kiw_sales` VALUES (488, 46, 331, 1);
INSERT INTO `kiw_sales` VALUES (489, 53, 331, 1);
INSERT INTO `kiw_sales` VALUES (490, 10, 1192, 1);
INSERT INTO `kiw_sales` VALUES (491, 10, 1225, 1);
INSERT INTO `kiw_sales` VALUES (492, 62, 1225, 2);
INSERT INTO `kiw_sales` VALUES (493, 89, 1135, 1);
INSERT INTO `kiw_sales` VALUES (494, 3, 1135, 1);
INSERT INTO `kiw_sales` VALUES (495, 56, 1289, 2);
INSERT INTO `kiw_sales` VALUES (496, 48, 1261, 1);
INSERT INTO `kiw_sales` VALUES (497, 29, 1261, 1);
INSERT INTO `kiw_sales` VALUES (498, 3, 79, 1);
INSERT INTO `kiw_sales` VALUES (499, 2, 79, 1);
INSERT INTO `kiw_sales` VALUES (500, 62, 79, 1);
INSERT INTO `kiw_sales` VALUES (501, 48, 79, 2);
INSERT INTO `kiw_sales` VALUES (502, 106, 79, 4);
INSERT INTO `kiw_sales` VALUES (503, 89, 79, 2);
INSERT INTO `kiw_sales` VALUES (504, 106, 1264, 1);
INSERT INTO `kiw_sales` VALUES (505, 64, 1289, 1);
INSERT INTO `kiw_sales` VALUES (506, 89, 257, 1);
INSERT INTO `kiw_sales` VALUES (507, 57, 1264, 3);
INSERT INTO `kiw_sales` VALUES (508, 62, 1264, 2);
INSERT INTO `kiw_sales` VALUES (509, 10, 3, 1);
INSERT INTO `kiw_sales` VALUES (510, 112, 3, 1);
INSERT INTO `kiw_sales` VALUES (511, 7, 3, 1);
INSERT INTO `kiw_sales` VALUES (512, 64, 3, 3);
INSERT INTO `kiw_sales` VALUES (513, 8, 374, 1);
INSERT INTO `kiw_sales` VALUES (514, 106, 374, 1);
INSERT INTO `kiw_sales` VALUES (515, 103, 1135, 5);
INSERT INTO `kiw_sales` VALUES (516, 103, 783, 1);
INSERT INTO `kiw_sales` VALUES (517, 10, 1223, 1);
INSERT INTO `kiw_sales` VALUES (518, 56, 1223, 1);
INSERT INTO `kiw_sales` VALUES (519, 113, 495, 1);
INSERT INTO `kiw_sales` VALUES (520, 89, 495, 1);
INSERT INTO `kiw_sales` VALUES (521, 3, 495, 1);
INSERT INTO `kiw_sales` VALUES (522, 50, 495, 1);
INSERT INTO `kiw_sales` VALUES (523, 10, 275, 1);
INSERT INTO `kiw_sales` VALUES (524, 11, 275, 1);
INSERT INTO `kiw_sales` VALUES (525, 8, 275, 1);
INSERT INTO `kiw_sales` VALUES (526, 2, 275, 1);
INSERT INTO `kiw_sales` VALUES (527, 108, 275, 1);
INSERT INTO `kiw_sales` VALUES (528, 113, 275, 1);
INSERT INTO `kiw_sales` VALUES (529, 3, 275, 1);
INSERT INTO `kiw_sales` VALUES (530, 107, 275, 1);
INSERT INTO `kiw_sales` VALUES (531, 6, 275, 1);
INSERT INTO `kiw_sales` VALUES (532, 7, 275, 1);
INSERT INTO `kiw_sales` VALUES (533, 93, 275, 1);
INSERT INTO `kiw_sales` VALUES (534, 118, 275, 1);
INSERT INTO `kiw_sales` VALUES (535, 119, 275, 1);
INSERT INTO `kiw_sales` VALUES (536, 56, 275, 4);
INSERT INTO `kiw_sales` VALUES (537, 112, 275, 1);
INSERT INTO `kiw_sales` VALUES (538, 105, 275, 1);
INSERT INTO `kiw_sales` VALUES (539, 95, 275, 1);
INSERT INTO `kiw_sales` VALUES (540, 98, 275, 1);
INSERT INTO `kiw_sales` VALUES (541, 115, 275, 1);
INSERT INTO `kiw_sales` VALUES (542, 89, 275, 1);
INSERT INTO `kiw_sales` VALUES (543, 91, 275, 1);
INSERT INTO `kiw_sales` VALUES (544, 114, 275, 1);
INSERT INTO `kiw_sales` VALUES (545, 96, 275, 1);
INSERT INTO `kiw_sales` VALUES (546, 29, 275, 1);
INSERT INTO `kiw_sales` VALUES (547, 30, 275, 1);
INSERT INTO `kiw_sales` VALUES (548, 26, 275, 1);
INSERT INTO `kiw_sales` VALUES (549, 27, 275, 1);
INSERT INTO `kiw_sales` VALUES (550, 31, 275, 1);
INSERT INTO `kiw_sales` VALUES (551, 28, 275, 1);
INSERT INTO `kiw_sales` VALUES (552, 88, 275, 1);
INSERT INTO `kiw_sales` VALUES (553, 25, 275, 1);
INSERT INTO `kiw_sales` VALUES (554, 32, 275, 1);
INSERT INTO `kiw_sales` VALUES (555, 80, 275, 1);
INSERT INTO `kiw_sales` VALUES (556, 36, 275, 1);
INSERT INTO `kiw_sales` VALUES (557, 87, 275, 1);
INSERT INTO `kiw_sales` VALUES (558, 81, 275, 1);
INSERT INTO `kiw_sales` VALUES (559, 83, 275, 1);
INSERT INTO `kiw_sales` VALUES (560, 90, 275, 1);
INSERT INTO `kiw_sales` VALUES (561, 53, 275, 1);
INSERT INTO `kiw_sales` VALUES (562, 54, 275, 1);
INSERT INTO `kiw_sales` VALUES (563, 57, 275, 1);
INSERT INTO `kiw_sales` VALUES (564, 62, 275, 1);
INSERT INTO `kiw_sales` VALUES (565, 64, 275, 1);
INSERT INTO `kiw_sales` VALUES (566, 116, 275, 1);
INSERT INTO `kiw_sales` VALUES (567, 103, 275, 1);
INSERT INTO `kiw_sales` VALUES (568, 55, 275, 1);
INSERT INTO `kiw_sales` VALUES (569, 106, 275, 1);
INSERT INTO `kiw_sales` VALUES (570, 47, 275, 2);
INSERT INTO `kiw_sales` VALUES (571, 51, 275, 1);
INSERT INTO `kiw_sales` VALUES (572, 52, 275, 1);
INSERT INTO `kiw_sales` VALUES (573, 35, 275, 1);
INSERT INTO `kiw_sales` VALUES (574, 34, 275, 1);
INSERT INTO `kiw_sales` VALUES (575, 50, 275, 1);
INSERT INTO `kiw_sales` VALUES (576, 49, 275, 1);
INSERT INTO `kiw_sales` VALUES (577, 46, 275, 1);
INSERT INTO `kiw_sales` VALUES (578, 48, 275, 2);
INSERT INTO `kiw_sales` VALUES (579, 45, 275, 1);
INSERT INTO `kiw_sales` VALUES (580, 44, 275, 2);
INSERT INTO `kiw_sales` VALUES (581, 86, 275, 1);
INSERT INTO `kiw_sales` VALUES (582, 92, 275, 1);
INSERT INTO `kiw_sales` VALUES (583, 113, 816, 2);
INSERT INTO `kiw_sales` VALUES (584, 119, 168, 2);
INSERT INTO `kiw_sales` VALUES (585, 95, 168, 2);
INSERT INTO `kiw_sales` VALUES (586, 98, 168, 12);
INSERT INTO `kiw_sales` VALUES (587, 49, 182, 1);
INSERT INTO `kiw_sales` VALUES (588, 103, 23, 1);
INSERT INTO `kiw_sales` VALUES (589, 10, 23, 1);
INSERT INTO `kiw_sales` VALUES (590, 113, 23, 1);
INSERT INTO `kiw_sales` VALUES (591, 10, 1289, 1);
INSERT INTO `kiw_sales` VALUES (592, 30, 1289, 1);
INSERT INTO `kiw_sales` VALUES (593, 96, 765, 1);
INSERT INTO `kiw_sales` VALUES (594, 81, 765, 1);
INSERT INTO `kiw_sales` VALUES (595, 113, 546, 1);
INSERT INTO `kiw_sales` VALUES (596, 10, 546, 2);
INSERT INTO `kiw_sales` VALUES (597, 3, 546, 1);
INSERT INTO `kiw_sales` VALUES (598, 115, 546, 1);
INSERT INTO `kiw_sales` VALUES (599, 48, 1189, 2);
INSERT INTO `kiw_sales` VALUES (600, 30, 1012, 1);
INSERT INTO `kiw_sales` VALUES (601, 56, 1352, 1);
INSERT INTO `kiw_sales` VALUES (602, 56, 1290, 1);
INSERT INTO `kiw_sales` VALUES (603, 11, 1297, 1);
INSERT INTO `kiw_sales` VALUES (604, 56, 1187, 1);
INSERT INTO `kiw_sales` VALUES (605, 91, 23, 1);
INSERT INTO `kiw_sales` VALUES (606, 10, 1248, 1);
INSERT INTO `kiw_sales` VALUES (607, 113, 1248, 1);
INSERT INTO `kiw_sales` VALUES (608, 56, 1248, 1);
INSERT INTO `kiw_sales` VALUES (609, 48, 80, 1);
INSERT INTO `kiw_sales` VALUES (610, 49, 80, 1);
INSERT INTO `kiw_sales` VALUES (611, 56, 1192, 1);
INSERT INTO `kiw_sales` VALUES (612, 81, 141, 1);
INSERT INTO `kiw_sales` VALUES (613, 34, 765, 1);
INSERT INTO `kiw_sales` VALUES (614, 47, 1217, 1);
INSERT INTO `kiw_sales` VALUES (615, 8, 1217, 1);
INSERT INTO `kiw_sales` VALUES (616, 119, 1217, 1);
INSERT INTO `kiw_sales` VALUES (617, 103, 1217, 1);
INSERT INTO `kiw_sales` VALUES (618, 55, 1217, 1);
INSERT INTO `kiw_sales` VALUES (619, 106, 1217, 1);
INSERT INTO `kiw_sales` VALUES (620, 56, 1217, 1);
INSERT INTO `kiw_sales` VALUES (621, 3, 1187, 1);
INSERT INTO `kiw_sales` VALUES (622, 10, 1187, 2);
INSERT INTO `kiw_sales` VALUES (623, 116, 1187, 1);
INSERT INTO `kiw_sales` VALUES (624, 64, 1187, 1);
INSERT INTO `kiw_sales` VALUES (625, 53, 1187, 1);
INSERT INTO `kiw_sales` VALUES (626, 107, 1187, 1);
INSERT INTO `kiw_sales` VALUES (627, 120, 23, 1);
INSERT INTO `kiw_sales` VALUES (628, 86, 765, 2);
INSERT INTO `kiw_sales` VALUES (629, 35, 765, 2);
INSERT INTO `kiw_sales` VALUES (630, 120, 94, 1);
INSERT INTO `kiw_sales` VALUES (631, 10, 1204, 1);
INSERT INTO `kiw_sales` VALUES (632, 56, 1204, 1);
INSERT INTO `kiw_sales` VALUES (633, 120, 765, 1);
INSERT INTO `kiw_sales` VALUES (634, 83, 765, 2);
INSERT INTO `kiw_sales` VALUES (635, 89, 765, 1);
INSERT INTO `kiw_sales` VALUES (636, 7, 765, 1);
INSERT INTO `kiw_sales` VALUES (637, 119, 765, 1);
INSERT INTO `kiw_sales` VALUES (638, 62, 1352, 3);
INSERT INTO `kiw_sales` VALUES (639, 15, 1352, 1);
INSERT INTO `kiw_sales` VALUES (640, 10, 1190, 1);
INSERT INTO `kiw_sales` VALUES (641, 27, 1352, 1);
INSERT INTO `kiw_sales` VALUES (642, 106, 1187, 1);
INSERT INTO `kiw_sales` VALUES (643, 10, 1290, 1);
INSERT INTO `kiw_sales` VALUES (644, 106, 229, 1);
INSERT INTO `kiw_sales` VALUES (645, 56, 818, 1);
INSERT INTO `kiw_sales` VALUES (646, 44, 818, 1);
INSERT INTO `kiw_sales` VALUES (647, 44, 1064, 1);
INSERT INTO `kiw_sales` VALUES (648, 62, 1064, 10);
INSERT INTO `kiw_sales` VALUES (649, 29, 1064, 1);
INSERT INTO `kiw_sales` VALUES (650, 89, 1064, 1);
INSERT INTO `kiw_sales` VALUES (651, 26, 1064, 1);
INSERT INTO `kiw_sales` VALUES (652, 10, 1064, 1);
INSERT INTO `kiw_sales` VALUES (653, 52, 374, 1);
INSERT INTO `kiw_sales` VALUES (654, 89, 374, 1);
INSERT INTO `kiw_sales` VALUES (655, 103, 374, 3);
INSERT INTO `kiw_sales` VALUES (656, 27, 374, 1);
INSERT INTO `kiw_sales` VALUES (657, 50, 118, 1);
INSERT INTO `kiw_sales` VALUES (658, 45, 118, 1);
INSERT INTO `kiw_sales` VALUES (659, 105, 118, 1);
INSERT INTO `kiw_sales` VALUES (660, 98, 118, 2);
INSERT INTO `kiw_sales` VALUES (723, 3, 1004, 2);
INSERT INTO `kiw_sales` VALUES (724, 29, 617, 1);
INSERT INTO `kiw_sales` VALUES (725, 106, 617, 1);
INSERT INTO `kiw_sales` VALUES (726, 10, 617, 1);
INSERT INTO `kiw_sales` VALUES (727, 107, 617, 1);
INSERT INTO `kiw_sales` VALUES (728, 56, 617, 1);
INSERT INTO `kiw_sales` VALUES (729, 91, 1190, 1);
INSERT INTO `kiw_sales` VALUES (730, 93, 816, 1);
INSERT INTO `kiw_sales` VALUES (731, 25, 816, 1);
INSERT INTO `kiw_sales` VALUES (732, 62, 1369, 5);
INSERT INTO `kiw_sales` VALUES (733, 10, 1369, 2);
INSERT INTO `kiw_sales` VALUES (734, 96, 1369, 1);
INSERT INTO `kiw_sales` VALUES (735, 106, 1248, 1);
INSERT INTO `kiw_sales` VALUES (736, 105, 1248, 1);
INSERT INTO `kiw_sales` VALUES (737, 10, 1245, 1);
INSERT INTO `kiw_sales` VALUES (738, 56, 730, 1);
INSERT INTO `kiw_sales` VALUES (739, 113, 730, 1);
INSERT INTO `kiw_sales` VALUES (740, 3, 730, 1);
INSERT INTO `kiw_sales` VALUES (741, 119, 1225, 1);
INSERT INTO `kiw_sales` VALUES (742, 44, 1408, 1);
INSERT INTO `kiw_sales` VALUES (743, 3, 1241, 1);
INSERT INTO `kiw_sales` VALUES (744, 48, 1241, 1);
INSERT INTO `kiw_sales` VALUES (745, 10, 1276, 1);
INSERT INTO `kiw_sales` VALUES (746, 36, 495, 1);
INSERT INTO `kiw_sales` VALUES (747, 50, 1027, 1);
INSERT INTO `kiw_sales` VALUES (748, 89, 1027, 1);
INSERT INTO `kiw_sales` VALUES (749, 119, 1027, 1);
INSERT INTO `kiw_sales` VALUES (750, 56, 1414, 1);
INSERT INTO `kiw_sales` VALUES (751, 10, 1414, 1);
INSERT INTO `kiw_sales` VALUES (752, 112, 1247, 1);
INSERT INTO `kiw_sales` VALUES (753, 112, 331, 1);
INSERT INTO `kiw_sales` VALUES (754, 108, 77, 1);
INSERT INTO `kiw_sales` VALUES (755, 119, 77, 1);
INSERT INTO `kiw_sales` VALUES (756, 115, 77, 1);
INSERT INTO `kiw_sales` VALUES (757, 57, 77, 5);
INSERT INTO `kiw_sales` VALUES (758, 116, 77, 5);
INSERT INTO `kiw_sales` VALUES (759, 106, 77, 1);
INSERT INTO `kiw_sales` VALUES (760, 62, 77, 1);
INSERT INTO `kiw_sales` VALUES (761, 120, 77, 1);
INSERT INTO `kiw_sales` VALUES (762, 10, 1356, 1);
INSERT INTO `kiw_sales` VALUES (763, 62, 484, 5);
INSERT INTO `kiw_sales` VALUES (764, 106, 495, 2);
INSERT INTO `kiw_sales` VALUES (765, 30, 546, 1);
INSERT INTO `kiw_sales` VALUES (766, 112, 546, 1);
INSERT INTO `kiw_sales` VALUES (767, 105, 546, 1);
INSERT INTO `kiw_sales` VALUES (768, 98, 546, 1);
INSERT INTO `kiw_sales` VALUES (769, 53, 546, 1);
INSERT INTO `kiw_sales` VALUES (770, 54, 546, 13);
INSERT INTO `kiw_sales` VALUES (771, 106, 1277, 1);
INSERT INTO `kiw_sales` VALUES (772, 89, 1277, 1);
INSERT INTO `kiw_sales` VALUES (773, 108, 23, 1);
INSERT INTO `kiw_sales` VALUES (774, 115, 23, 1);
INSERT INTO `kiw_sales` VALUES (775, 98, 23, 1);
INSERT INTO `kiw_sales` VALUES (776, 56, 23, 1);
INSERT INTO `kiw_sales` VALUES (777, 3, 734, 1);
INSERT INTO `kiw_sales` VALUES (778, 45, 734, 1);
INSERT INTO `kiw_sales` VALUES (779, 10, 1413, 1);
INSERT INTO `kiw_sales` VALUES (780, 114, 1198, 1);
INSERT INTO `kiw_sales` VALUES (781, 26, 1198, 1);
INSERT INTO `kiw_sales` VALUES (782, 49, 1198, 1);
INSERT INTO `kiw_sales` VALUES (783, 113, 1327, 1);
INSERT INTO `kiw_sales` VALUES (784, 56, 1425, 1);
INSERT INTO `kiw_sales` VALUES (785, 3, 1312, 1);
INSERT INTO `kiw_sales` VALUES (786, 56, 1424, 1);
INSERT INTO `kiw_sales` VALUES (787, 112, 1004, 2);
INSERT INTO `kiw_sales` VALUES (788, 89, 1004, 1);
INSERT INTO `kiw_sales` VALUES (789, 91, 1413, 1);
INSERT INTO `kiw_sales` VALUES (790, 56, 1408, 1);
INSERT INTO `kiw_sales` VALUES (791, 10, 1437, 1);
INSERT INTO `kiw_sales` VALUES (792, 10, 300, 1);
INSERT INTO `kiw_sales` VALUES (793, 56, 300, 1);
INSERT INTO `kiw_sales` VALUES (794, 50, 300, 1);
INSERT INTO `kiw_sales` VALUES (795, 53, 300, 3);
INSERT INTO `kiw_sales` VALUES (796, 89, 331, 1);
INSERT INTO `kiw_sales` VALUES (797, 115, 331, 1);
INSERT INTO `kiw_sales` VALUES (798, 98, 331, 1);
INSERT INTO `kiw_sales` VALUES (799, 95, 331, 1);
INSERT INTO `kiw_sales` VALUES (800, 105, 331, 1);
INSERT INTO `kiw_sales` VALUES (801, 56, 1336, 1);
INSERT INTO `kiw_sales` VALUES (802, 3, 300, 1);
INSERT INTO `kiw_sales` VALUES (803, 113, 300, 1);
INSERT INTO `kiw_sales` VALUES (804, 91, 300, 1);
INSERT INTO `kiw_sales` VALUES (805, 90, 569, 1);
INSERT INTO `kiw_sales` VALUES (806, 10, 1423, 1);
INSERT INTO `kiw_sales` VALUES (807, 116, 495, 1);
INSERT INTO `kiw_sales` VALUES (808, 91, 1326, 1);
INSERT INTO `kiw_sales` VALUES (809, 89, 1326, 1);
INSERT INTO `kiw_sales` VALUES (810, 44, 1326, 1);
INSERT INTO `kiw_sales` VALUES (811, 10, 331, 1);
INSERT INTO `kiw_sales` VALUES (812, 114, 331, 1);
INSERT INTO `kiw_sales` VALUES (813, 50, 1247, 1);
INSERT INTO `kiw_sales` VALUES (814, 62, 1247, 3);
INSERT INTO `kiw_sales` VALUES (815, 119, 1387, 1);
INSERT INTO `kiw_sales` VALUES (816, 44, 331, 1);
INSERT INTO `kiw_sales` VALUES (817, 10, 1409, 1);
INSERT INTO `kiw_sales` VALUES (818, 48, 175, 2);
INSERT INTO `kiw_sales` VALUES (819, 46, 175, 1);
INSERT INTO `kiw_sales` VALUES (820, 113, 1105, 1);
INSERT INTO `kiw_sales` VALUES (821, 30, 1187, 1);
INSERT INTO `kiw_sales` VALUES (822, 91, 91, 2);
INSERT INTO `kiw_sales` VALUES (823, 10, 1425, 1);
INSERT INTO `kiw_sales` VALUES (824, 56, 1503, 1);
INSERT INTO `kiw_sales` VALUES (825, 56, 1492, 1);
INSERT INTO `kiw_sales` VALUES (826, 10, 1492, 1);
INSERT INTO `kiw_sales` VALUES (827, 51, 1187, 1);
INSERT INTO `kiw_sales` VALUES (828, 10, 1491, 1);
INSERT INTO `kiw_sales` VALUES (829, 44, 1491, 1);
INSERT INTO `kiw_sales` VALUES (830, 91, 1465, 1);
INSERT INTO `kiw_sales` VALUES (831, 10, 1465, 1);
INSERT INTO `kiw_sales` VALUES (832, 121, 1474, 1);
INSERT INTO `kiw_sales` VALUES (833, 10, 1493, 1);
INSERT INTO `kiw_sales` VALUES (834, 56, 1490, 1);
INSERT INTO `kiw_sales` VALUES (835, 121, 1413, 1);
INSERT INTO `kiw_sales` VALUES (836, 121, 484, 1);
INSERT INTO `kiw_sales` VALUES (837, 83, 484, 1);
INSERT INTO `kiw_sales` VALUES (838, 81, 484, 1);
INSERT INTO `kiw_sales` VALUES (839, 2, 484, 1);
INSERT INTO `kiw_sales` VALUES (840, 3, 484, 1);
INSERT INTO `kiw_sales` VALUES (841, 11, 1497, 1);
INSERT INTO `kiw_sales` VALUES (842, 29, 1187, 1);
INSERT INTO `kiw_sales` VALUES (843, 115, 1187, 1);
INSERT INTO `kiw_sales` VALUES (844, 53, 752, 2);
INSERT INTO `kiw_sales` VALUES (845, 10, 752, 1);
INSERT INTO `kiw_sales` VALUES (846, 56, 1327, 1);
INSERT INTO `kiw_sales` VALUES (847, 56, 1493, 1);
INSERT INTO `kiw_sales` VALUES (848, 56, 1445, 2);
INSERT INTO `kiw_sales` VALUES (849, 10, 1501, 2);
INSERT INTO `kiw_sales` VALUES (850, 106, 1190, 1);
INSERT INTO `kiw_sales` VALUES (851, 90, 1190, 1);
INSERT INTO `kiw_sales` VALUES (852, 3, 1416, 1);
INSERT INTO `kiw_sales` VALUES (853, 91, 1416, 1);
INSERT INTO `kiw_sales` VALUES (854, 113, 1416, 1);
INSERT INTO `kiw_sales` VALUES (855, 91, 1027, 1);
INSERT INTO `kiw_sales` VALUES (856, 106, 1027, 1);
INSERT INTO `kiw_sales` VALUES (857, 103, 1445, 3);
INSERT INTO `kiw_sales` VALUES (858, 57, 1445, 5);
INSERT INTO `kiw_sales` VALUES (859, 10, 1445, 1);
INSERT INTO `kiw_sales` VALUES (860, 115, 1445, 1);
INSERT INTO `kiw_sales` VALUES (861, 2, 1445, 2);
INSERT INTO `kiw_sales` VALUES (862, 11, 1281, 1);
INSERT INTO `kiw_sales` VALUES (863, 87, 1242, 1);
INSERT INTO `kiw_sales` VALUES (864, 27, 765, 1);
INSERT INTO `kiw_sales` VALUES (865, 31, 1190, 1);
INSERT INTO `kiw_sales` VALUES (866, 105, 1281, 1);
INSERT INTO `kiw_sales` VALUES (867, 3, 1493, 1);
INSERT INTO `kiw_sales` VALUES (868, 121, 1409, 1);
INSERT INTO `kiw_sales` VALUES (869, 105, 1409, 1);
INSERT INTO `kiw_sales` VALUES (870, 10, 1451, 1);
INSERT INTO `kiw_sales` VALUES (871, 121, 1451, 1);
INSERT INTO `kiw_sales` VALUES (872, 121, 1425, 1);
INSERT INTO `kiw_sales` VALUES (873, 46, 1425, 1);
INSERT INTO `kiw_sales` VALUES (874, 121, 275, 8);
INSERT INTO `kiw_sales` VALUES (875, 57, 1523, 1);
INSERT INTO `kiw_sales` VALUES (876, 29, 1281, 1);
INSERT INTO `kiw_sales` VALUES (877, 56, 1331, 2);
INSERT INTO `kiw_sales` VALUES (878, 10, 1342, 1);
INSERT INTO `kiw_sales` VALUES (879, 112, 734, 1);
INSERT INTO `kiw_sales` VALUES (880, 54, 1523, 1);
INSERT INTO `kiw_sales` VALUES (881, 62, 1523, 1);
INSERT INTO `kiw_sales` VALUES (882, 10, 1424, 1);
INSERT INTO `kiw_sales` VALUES (883, 121, 1424, 1);
INSERT INTO `kiw_sales` VALUES (884, 103, 1264, 2);
INSERT INTO `kiw_sales` VALUES (885, 56, 1522, 1);
INSERT INTO `kiw_sales` VALUES (886, 10, 1522, 1);
INSERT INTO `kiw_sales` VALUES (887, 44, 1522, 1);
INSERT INTO `kiw_sales` VALUES (888, 52, 1522, 1);
INSERT INTO `kiw_sales` VALUES (889, 83, 85, 1);
INSERT INTO `kiw_sales` VALUES (890, 30, 85, 1);
INSERT INTO `kiw_sales` VALUES (891, 80, 85, 1);
INSERT INTO `kiw_sales` VALUES (892, 90, 85, 1);
INSERT INTO `kiw_sales` VALUES (893, 35, 85, 1);
INSERT INTO `kiw_sales` VALUES (894, 86, 85, 1);
INSERT INTO `kiw_sales` VALUES (895, 89, 85, 2);
INSERT INTO `kiw_sales` VALUES (896, 52, 1218, 1);
INSERT INTO `kiw_sales` VALUES (897, 98, 1218, 1);
INSERT INTO `kiw_sales` VALUES (898, 26, 331, 1);
INSERT INTO `kiw_sales` VALUES (899, 113, 331, 1);
INSERT INTO `kiw_sales` VALUES (900, 2, 331, 1);
INSERT INTO `kiw_sales` VALUES (901, 8, 331, 1);
INSERT INTO `kiw_sales` VALUES (902, 121, 331, 1);
INSERT INTO `kiw_sales` VALUES (903, 96, 331, 1);
INSERT INTO `kiw_sales` VALUES (904, 56, 1281, 1);
INSERT INTO `kiw_sales` VALUES (905, 10, 1281, 1);
INSERT INTO `kiw_sales` VALUES (906, 103, 1281, 1);
INSERT INTO `kiw_sales` VALUES (907, 116, 1281, 1);
INSERT INTO `kiw_sales` VALUES (908, 62, 1281, 1);
INSERT INTO `kiw_sales` VALUES (909, 57, 1281, 1);
INSERT INTO `kiw_sales` VALUES (910, 53, 1281, 1);
INSERT INTO `kiw_sales` VALUES (911, 54, 1281, 1);
INSERT INTO `kiw_sales` VALUES (912, 10, 1523, 1);
INSERT INTO `kiw_sales` VALUES (913, 10, 1533, 1);
INSERT INTO `kiw_sales` VALUES (914, 113, 577, 1);
INSERT INTO `kiw_sales` VALUES (915, 3, 577, 1);
INSERT INTO `kiw_sales` VALUES (916, 10, 1407, 2);
INSERT INTO `kiw_sales` VALUES (917, 119, 794, 1);
INSERT INTO `kiw_sales` VALUES (918, 10, 1538, 1);
INSERT INTO `kiw_sales` VALUES (919, 10, 1432, 1);
INSERT INTO `kiw_sales` VALUES (920, 3, 1432, 1);
INSERT INTO `kiw_sales` VALUES (921, 91, 1497, 1);
INSERT INTO `kiw_sales` VALUES (922, 48, 1535, 1);
INSERT INTO `kiw_sales` VALUES (923, 10, 1421, 1);
INSERT INTO `kiw_sales` VALUES (924, 56, 1513, 3);
INSERT INTO `kiw_sales` VALUES (925, 50, 1356, 1);
INSERT INTO `kiw_sales` VALUES (926, 10, 1490, 1);
INSERT INTO `kiw_sales` VALUES (927, 121, 488, 1);
INSERT INTO `kiw_sales` VALUES (928, 56, 1533, 1);
INSERT INTO `kiw_sales` VALUES (929, 121, 1525, 1);
INSERT INTO `kiw_sales` VALUES (930, 121, 1493, 1);
INSERT INTO `kiw_sales` VALUES (931, 56, 1525, 1);
INSERT INTO `kiw_sales` VALUES (932, 121, 1547, 1);
INSERT INTO `kiw_sales` VALUES (933, 96, 1522, 1);
INSERT INTO `kiw_sales` VALUES (934, 56, 1197, 1);
INSERT INTO `kiw_sales` VALUES (935, 121, 765, 10);
INSERT INTO `kiw_sales` VALUES (936, 120, 666, 1);
INSERT INTO `kiw_sales` VALUES (937, 121, 1442, 1);
INSERT INTO `kiw_sales` VALUES (938, 57, 144, 20);
INSERT INTO `kiw_sales` VALUES (939, 54, 144, 20);
INSERT INTO `kiw_sales` VALUES (940, 53, 144, 20);
INSERT INTO `kiw_sales` VALUES (941, 64, 144, 20);
INSERT INTO `kiw_sales` VALUES (942, 103, 144, 20);
INSERT INTO `kiw_sales` VALUES (943, 106, 144, 2);
INSERT INTO `kiw_sales` VALUES (944, 120, 144, 1);
INSERT INTO `kiw_sales` VALUES (945, 81, 144, 1);
INSERT INTO `kiw_sales` VALUES (946, 83, 144, 1);
INSERT INTO `kiw_sales` VALUES (947, 90, 144, 1);
INSERT INTO `kiw_sales` VALUES (948, 92, 144, 1);
INSERT INTO `kiw_sales` VALUES (949, 34, 144, 1);
INSERT INTO `kiw_sales` VALUES (950, 87, 144, 1);
INSERT INTO `kiw_sales` VALUES (951, 49, 144, 1);
INSERT INTO `kiw_sales` VALUES (952, 52, 144, 1);
INSERT INTO `kiw_sales` VALUES (953, 47, 144, 1);
INSERT INTO `kiw_sales` VALUES (954, 29, 144, 1);
INSERT INTO `kiw_sales` VALUES (955, 36, 144, 1);
INSERT INTO `kiw_sales` VALUES (956, 6, 144, 1);
INSERT INTO `kiw_sales` VALUES (957, 86, 144, 1);
INSERT INTO `kiw_sales` VALUES (958, 121, 144, 5);
INSERT INTO `kiw_sales` VALUES (959, 115, 144, 1);
INSERT INTO `kiw_sales` VALUES (960, 91, 144, 1);
INSERT INTO `kiw_sales` VALUES (961, 96, 144, 1);
INSERT INTO `kiw_sales` VALUES (962, 89, 144, 1);
INSERT INTO `kiw_sales` VALUES (963, 35, 144, 1);
INSERT INTO `kiw_sales` VALUES (964, 48, 1412, 1);
INSERT INTO `kiw_sales` VALUES (965, 91, 1538, 1);
INSERT INTO `kiw_sales` VALUES (966, 10, 1555, 1);
INSERT INTO `kiw_sales` VALUES (967, 56, 1555, 1);
INSERT INTO `kiw_sales` VALUES (968, 112, 1281, 1);
INSERT INTO `kiw_sales` VALUES (969, 48, 1437, 1);
INSERT INTO `kiw_sales` VALUES (970, 56, 1547, 1);
INSERT INTO `kiw_sales` VALUES (971, 121, 1559, 1);
INSERT INTO `kiw_sales` VALUES (972, 121, 1476, 1);
INSERT INTO `kiw_sales` VALUES (973, 121, 1556, 1);
INSERT INTO `kiw_sales` VALUES (974, 121, 1281, 1);
INSERT INTO `kiw_sales` VALUES (975, 56, 1556, 1);
INSERT INTO `kiw_sales` VALUES (976, 103, 1556, 5);
INSERT INTO `kiw_sales` VALUES (977, 10, 1556, 1);
INSERT INTO `kiw_sales` VALUES (978, 112, 1219, 1);
INSERT INTO `kiw_sales` VALUES (979, 8, 1219, 1);
INSERT INTO `kiw_sales` VALUES (980, 96, 1501, 1);
INSERT INTO `kiw_sales` VALUES (981, 116, 1562, 1);
INSERT INTO `kiw_sales` VALUES (982, 10, 1561, 1);
INSERT INTO `kiw_sales` VALUES (983, 95, 765, 1);
INSERT INTO `kiw_sales` VALUES (984, 116, 765, 5);
INSERT INTO `kiw_sales` VALUES (985, 91, 765, 1);
INSERT INTO `kiw_sales` VALUES (986, 10, 1551, 1);
INSERT INTO `kiw_sales` VALUES (987, 6, 34, 1);
INSERT INTO `kiw_sales` VALUES (988, 47, 34, 1);
INSERT INTO `kiw_sales` VALUES (989, 113, 1452, 1);
INSERT INTO `kiw_sales` VALUES (990, 56, 1452, 1);
INSERT INTO `kiw_sales` VALUES (991, 29, 1547, 1);
INSERT INTO `kiw_sales` VALUES (992, 98, 1551, 1);
INSERT INTO `kiw_sales` VALUES (993, 44, 1533, 1);
INSERT INTO `kiw_sales` VALUES (994, 87, 520, 1);
INSERT INTO `kiw_sales` VALUES (995, 32, 520, 1);
INSERT INTO `kiw_sales` VALUES (996, 27, 520, 1);
INSERT INTO `kiw_sales` VALUES (997, 103, 520, 4);
INSERT INTO `kiw_sales` VALUES (998, 56, 520, 1);
INSERT INTO `kiw_sales` VALUES (999, 96, 520, 1);
INSERT INTO `kiw_sales` VALUES (1000, 113, 1133, 3);
INSERT INTO `kiw_sales` VALUES (1001, 112, 1572, 1);
INSERT INTO `kiw_sales` VALUES (1002, 52, 1573, 1);
INSERT INTO `kiw_sales` VALUES (1003, 56, 1578, 1);
INSERT INTO `kiw_sales` VALUES (1004, 10, 1578, 1);
INSERT INTO `kiw_sales` VALUES (1005, 56, 1242, 1);
INSERT INTO `kiw_sales` VALUES (1006, 46, 1242, 1);
INSERT INTO `kiw_sales` VALUES (1007, 10, 1332, 1);
INSERT INTO `kiw_sales` VALUES (1008, 113, 1387, 2);
INSERT INTO `kiw_sales` VALUES (1009, 106, 1387, 1);
INSERT INTO `kiw_sales` VALUES (1010, 121, 1551, 1);
INSERT INTO `kiw_sales` VALUES (1011, 26, 1171, 1);
INSERT INTO `kiw_sales` VALUES (1012, 103, 1171, 2);
INSERT INTO `kiw_sales` VALUES (1013, 121, 495, 1);
INSERT INTO `kiw_sales` VALUES (1014, 95, 1562, 1);
INSERT INTO `kiw_sales` VALUES (1015, 103, 1064, 3);
INSERT INTO `kiw_sales` VALUES (1016, 96, 1064, 1);
INSERT INTO `kiw_sales` VALUES (1017, 3, 1064, 1);
INSERT INTO `kiw_sales` VALUES (1018, 56, 1421, 1);
INSERT INTO `kiw_sales` VALUES (1019, 53, 1438, 5);
INSERT INTO `kiw_sales` VALUES (1020, 3, 1438, 1);
INSERT INTO `kiw_sales` VALUES (1021, 10, 1580, 1);
INSERT INTO `kiw_sales` VALUES (1022, 89, 1407, 1);
INSERT INTO `kiw_sales` VALUES (1023, 91, 1223, 1);
INSERT INTO `kiw_sales` VALUES (1024, 62, 1578, 1);
INSERT INTO `kiw_sales` VALUES (1025, 107, 1264, 1);
INSERT INTO `kiw_sales` VALUES (1026, 30, 1264, 2);
INSERT INTO `kiw_sales` VALUES (1027, 96, 175, 1);
INSERT INTO `kiw_sales` VALUES (1028, 119, 175, 2);
INSERT INTO `kiw_sales` VALUES (1029, 51, 175, 1);
INSERT INTO `kiw_sales` VALUES (1030, 3, 1592, 1);
INSERT INTO `kiw_sales` VALUES (1031, 121, 1592, 1);
INSERT INTO `kiw_sales` VALUES (1032, 10, 1588, 1);
INSERT INTO `kiw_sales` VALUES (1033, 96, 1551, 1);
INSERT INTO `kiw_sales` VALUES (1034, 10, 1509, 1);
INSERT INTO `kiw_sales` VALUES (1035, 56, 1509, 2);
INSERT INTO `kiw_sales` VALUES (1036, 47, 175, 1);
INSERT INTO `kiw_sales` VALUES (1037, 29, 175, 1);
INSERT INTO `kiw_sales` VALUES (1038, 90, 175, 1);
INSERT INTO `kiw_sales` VALUES (1039, 116, 1556, 1);
INSERT INTO `kiw_sales` VALUES (1040, 47, 47, 1);
INSERT INTO `kiw_sales` VALUES (1041, 98, 47, 2);
INSERT INTO `kiw_sales` VALUES (1042, 115, 47, 1);
INSERT INTO `kiw_sales` VALUES (1043, 56, 47, 2);
INSERT INTO `kiw_sales` VALUES (1044, 55, 47, 1);
INSERT INTO `kiw_sales` VALUES (1045, 103, 47, 4);
INSERT INTO `kiw_sales` VALUES (1046, 106, 47, 2);
INSERT INTO `kiw_sales` VALUES (1047, 83, 47, 1);
INSERT INTO `kiw_sales` VALUES (1048, 35, 47, 1);
INSERT INTO `kiw_sales` VALUES (1049, 27, 47, 1);
INSERT INTO `kiw_sales` VALUES (1050, 30, 47, 2);
INSERT INTO `kiw_sales` VALUES (1051, 26, 47, 1);
INSERT INTO `kiw_sales` VALUES (1052, 36, 47, 1);
INSERT INTO `kiw_sales` VALUES (1053, 3, 47, 1);
INSERT INTO `kiw_sales` VALUES (1054, 6, 47, 1);
INSERT INTO `kiw_sales` VALUES (1055, 10, 47, 1);
INSERT INTO `kiw_sales` VALUES (1056, 113, 47, 2);
INSERT INTO `kiw_sales` VALUES (1057, 108, 47, 1);
INSERT INTO `kiw_sales` VALUES (1058, 86, 47, 1);
INSERT INTO `kiw_sales` VALUES (1059, 80, 47, 1);
INSERT INTO `kiw_sales` VALUES (1060, 103, 1497, 1);
INSERT INTO `kiw_sales` VALUES (1061, 48, 1582, 1);
INSERT INTO `kiw_sales` VALUES (1062, 56, 1582, 1);
INSERT INTO `kiw_sales` VALUES (1063, 64, 1533, 1);
INSERT INTO `kiw_sales` VALUES (1064, 115, 1438, 1);
INSERT INTO `kiw_sales` VALUES (1065, 26, 1438, 1);
INSERT INTO `kiw_sales` VALUES (1066, 8, 1438, 1);
INSERT INTO `kiw_sales` VALUES (1067, 47, 1562, 1);
INSERT INTO `kiw_sales` VALUES (1068, 10, 1579, 1);
INSERT INTO `kiw_sales` VALUES (1069, 10, 1419, 1);
INSERT INTO `kiw_sales` VALUES (1070, 44, 1419, 1);
INSERT INTO `kiw_sales` VALUES (1071, 10, 1593, 1);
INSERT INTO `kiw_sales` VALUES (1072, 62, 1593, 1);
INSERT INTO `kiw_sales` VALUES (1073, 120, 370, 1);
INSERT INTO `kiw_sales` VALUES (1074, 56, 1599, 1);
INSERT INTO `kiw_sales` VALUES (1075, 50, 1593, 1);
INSERT INTO `kiw_sales` VALUES (1076, 53, 1425, 1);
INSERT INTO `kiw_sales` VALUES (1077, 62, 1425, 1);
INSERT INTO `kiw_sales` VALUES (1078, 54, 1425, 1);
INSERT INTO `kiw_sales` VALUES (1079, 56, 1583, 1);
INSERT INTO `kiw_sales` VALUES (1080, 10, 1583, 1);
INSERT INTO `kiw_sales` VALUES (1081, 121, 1535, 1);
INSERT INTO `kiw_sales` VALUES (1082, 35, 1133, 1);
INSERT INTO `kiw_sales` VALUES (1083, 106, 1562, 1);
INSERT INTO `kiw_sales` VALUES (1084, 121, 1540, 1);
INSERT INTO `kiw_sales` VALUES (1085, 121, 1587, 1);
INSERT INTO `kiw_sales` VALUES (1086, 121, 168, 10);
INSERT INTO `kiw_sales` VALUES (1087, 91, 168, 10);
INSERT INTO `kiw_sales` VALUES (1088, 11, 569, 2);
INSERT INTO `kiw_sales` VALUES (1089, 10, 1596, 1);
INSERT INTO `kiw_sales` VALUES (1090, 10, 1622, 1);
INSERT INTO `kiw_sales` VALUES (1091, 53, 1452, 3);
INSERT INTO `kiw_sales` VALUES (1092, 27, 1538, 1);
INSERT INTO `kiw_sales` VALUES (1093, 56, 1407, 1);
INSERT INTO `kiw_sales` VALUES (1094, 10, 1629, 1);
INSERT INTO `kiw_sales` VALUES (1095, 10, 1611, 1);
INSERT INTO `kiw_sales` VALUES (1096, 103, 1611, 1);
INSERT INTO `kiw_sales` VALUES (1097, 56, 1611, 1);
INSERT INTO `kiw_sales` VALUES (1098, 10, 1627, 1);
INSERT INTO `kiw_sales` VALUES (1099, 105, 1629, 1);
INSERT INTO `kiw_sales` VALUES (1100, 56, 1629, 2);
INSERT INTO `kiw_sales` VALUES (1101, 44, 1629, 1);
INSERT INTO `kiw_sales` VALUES (1102, 44, 1352, 1);
INSERT INTO `kiw_sales` VALUES (1103, 64, 1352, 1);
INSERT INTO `kiw_sales` VALUES (1104, 10, 1352, 2);
INSERT INTO `kiw_sales` VALUES (1105, 89, 1352, 1);
INSERT INTO `kiw_sales` VALUES (1106, 56, 1589, 1);
INSERT INTO `kiw_sales` VALUES (1107, 10, 1589, 1);
INSERT INTO `kiw_sales` VALUES (1108, 50, 783, 1);
INSERT INTO `kiw_sales` VALUES (1109, 95, 1629, 1);
INSERT INTO `kiw_sales` VALUES (1110, 121, 1596, 1);
INSERT INTO `kiw_sales` VALUES (1111, 121, 1531, 1);
INSERT INTO `kiw_sales` VALUES (1112, 121, 1644, 1);
INSERT INTO `kiw_sales` VALUES (1113, 56, 1644, 1);
INSERT INTO `kiw_sales` VALUES (1114, 119, 1036, 1);
INSERT INTO `kiw_sales` VALUES (1115, 56, 91, 1);
INSERT INTO `kiw_sales` VALUES (1116, 115, 91, 1);
INSERT INTO `kiw_sales` VALUES (1117, 89, 91, 1);
INSERT INTO `kiw_sales` VALUES (1118, 113, 91, 1);
INSERT INTO `kiw_sales` VALUES (1119, 30, 91, 3);
INSERT INTO `kiw_sales` VALUES (1120, 29, 91, 1);
INSERT INTO `kiw_sales` VALUES (1121, 106, 91, 1);
INSERT INTO `kiw_sales` VALUES (1122, 3, 1591, 1);
INSERT INTO `kiw_sales` VALUES (1123, 106, 1225, 1);
INSERT INTO `kiw_sales` VALUES (1124, 121, 1225, 12);
INSERT INTO `kiw_sales` VALUES (1125, 29, 1225, 1);
INSERT INTO `kiw_sales` VALUES (1126, 46, 1356, 2);
INSERT INTO `kiw_sales` VALUES (1127, 89, 1242, 1);
INSERT INTO `kiw_sales` VALUES (1128, 98, 1242, 1);
INSERT INTO `kiw_sales` VALUES (1129, 96, 1242, 1);
INSERT INTO `kiw_sales` VALUES (1130, 8, 95, 2);
INSERT INTO `kiw_sales` VALUES (1131, 29, 95, 2);
INSERT INTO `kiw_sales` VALUES (1132, 30, 95, 1);
INSERT INTO `kiw_sales` VALUES (1133, 87, 95, 4);
INSERT INTO `kiw_sales` VALUES (1134, 35, 95, 1);
INSERT INTO `kiw_sales` VALUES (1135, 105, 95, 1);
INSERT INTO `kiw_sales` VALUES (1136, 98, 95, 2);
INSERT INTO `kiw_sales` VALUES (1137, 115, 95, 1);
INSERT INTO `kiw_sales` VALUES (1138, 53, 95, 4);
INSERT INTO `kiw_sales` VALUES (1139, 106, 1531, 1);
INSERT INTO `kiw_sales` VALUES (1140, 56, 1531, 1);
INSERT INTO `kiw_sales` VALUES (1141, 64, 1531, 1);
INSERT INTO `kiw_sales` VALUES (1142, 10, 1531, 1);
INSERT INTO `kiw_sales` VALUES (1143, 105, 1276, 1);
INSERT INTO `kiw_sales` VALUES (1144, 27, 1276, 1);
INSERT INTO `kiw_sales` VALUES (1145, 56, 1650, 1);
INSERT INTO `kiw_sales` VALUES (1146, 11, 1650, 1);
INSERT INTO `kiw_sales` VALUES (1147, 48, 1356, 2);
INSERT INTO `kiw_sales` VALUES (1148, 89, 1103, 1);
INSERT INTO `kiw_sales` VALUES (1149, 115, 1103, 1);
INSERT INTO `kiw_sales` VALUES (1150, 88, 1103, 1);
INSERT INTO `kiw_sales` VALUES (1151, 27, 1103, 1);
INSERT INTO `kiw_sales` VALUES (1152, 96, 1103, 1);
INSERT INTO `kiw_sales` VALUES (1153, 103, 1594, 3);
INSERT INTO `kiw_sales` VALUES (1154, 10, 1594, 1);
INSERT INTO `kiw_sales` VALUES (1155, 3, 1594, 1);
INSERT INTO `kiw_sales` VALUES (1156, 115, 1594, 1);
INSERT INTO `kiw_sales` VALUES (1157, 56, 1594, 2);
INSERT INTO `kiw_sales` VALUES (1158, 96, 1622, 1);
INSERT INTO `kiw_sales` VALUES (1159, 121, 546, 1);
INSERT INTO `kiw_sales` VALUES (1160, 98, 1068, 4);
INSERT INTO `kiw_sales` VALUES (1161, 3, 1068, 2);
INSERT INTO `kiw_sales` VALUES (1162, 107, 1068, 2);
INSERT INTO `kiw_sales` VALUES (1163, 113, 1068, 6);
INSERT INTO `kiw_sales` VALUES (1164, 31, 1068, 1);
INSERT INTO `kiw_sales` VALUES (1165, 106, 1068, 1);
INSERT INTO `kiw_sales` VALUES (1166, 89, 1068, 1);
INSERT INTO `kiw_sales` VALUES (1167, 10, 1068, 5);
INSERT INTO `kiw_sales` VALUES (1168, 103, 1068, 10);
INSERT INTO `kiw_sales` VALUES (1169, 113, 1591, 2);
INSERT INTO `kiw_sales` VALUES (1170, 3, 1589, 1);
INSERT INTO `kiw_sales` VALUES (1171, 112, 1589, 1);
INSERT INTO `kiw_sales` VALUES (1172, 87, 331, 1);
INSERT INTO `kiw_sales` VALUES (1173, 45, 331, 1);
INSERT INTO `kiw_sales` VALUES (1174, 54, 331, 1);
INSERT INTO `kiw_sales` VALUES (1175, 10, 1391, 1);
INSERT INTO `kiw_sales` VALUES (1176, 48, 1657, 1);
INSERT INTO `kiw_sales` VALUES (1177, 96, 1187, 1);
INSERT INTO `kiw_sales` VALUES (1178, 64, 1409, 1);
INSERT INTO `kiw_sales` VALUES (1179, 51, 1409, 1);
INSERT INTO `kiw_sales` VALUES (1180, 106, 1409, 1);
INSERT INTO `kiw_sales` VALUES (1181, 107, 1599, 1);
INSERT INTO `kiw_sales` VALUES (1182, 119, 1187, 1);
INSERT INTO `kiw_sales` VALUES (1183, 105, 1187, 1);
INSERT INTO `kiw_sales` VALUES (1184, 121, 1662, 1);
INSERT INTO `kiw_sales` VALUES (1185, 54, 1662, 1);
INSERT INTO `kiw_sales` VALUES (1186, 103, 1662, 1);
INSERT INTO `kiw_sales` VALUES (1187, 56, 1665, 1);
INSERT INTO `kiw_sales` VALUES (1188, 121, 1665, 1);
INSERT INTO `kiw_sales` VALUES (1189, 26, 1531, 1);
INSERT INTO `kiw_sales` VALUES (1190, 56, 1662, 1);
INSERT INTO `kiw_sales` VALUES (1191, 10, 1657, 1);
INSERT INTO `kiw_sales` VALUES (1192, 62, 1657, 1);
INSERT INTO `kiw_sales` VALUES (1193, 96, 1629, 1);
INSERT INTO `kiw_sales` VALUES (1194, 98, 1667, 1);
INSERT INTO `kiw_sales` VALUES (1195, 10, 1669, 1);
INSERT INTO `kiw_sales` VALUES (1196, 3, 1452, 1);
INSERT INTO `kiw_sales` VALUES (1197, 103, 1452, 2);
INSERT INTO `kiw_sales` VALUES (1198, 113, 1609, 1);
INSERT INTO `kiw_sales` VALUES (1199, 121, 675, 1);
INSERT INTO `kiw_sales` VALUES (1200, 106, 1662, 1);
INSERT INTO `kiw_sales` VALUES (1201, 112, 1662, 1);
INSERT INTO `kiw_sales` VALUES (1202, 27, 1662, 1);
INSERT INTO `kiw_sales` VALUES (1203, 52, 1662, 1);
INSERT INTO `kiw_sales` VALUES (1204, 53, 1659, 2);
INSERT INTO `kiw_sales` VALUES (1205, 10, 1659, 2);
INSERT INTO `kiw_sales` VALUES (1206, 56, 1659, 2);
INSERT INTO `kiw_sales` VALUES (1207, 115, 484, 1);
INSERT INTO `kiw_sales` VALUES (1208, 86, 484, 1);
INSERT INTO `kiw_sales` VALUES (1209, 90, 1476, 1);
INSERT INTO `kiw_sales` VALUES (1210, 3, 1407, 1);
INSERT INTO `kiw_sales` VALUES (1211, 56, 298, 1);
INSERT INTO `kiw_sales` VALUES (1212, 44, 298, 1);
INSERT INTO `kiw_sales` VALUES (1213, 106, 1609, 1);
INSERT INTO `kiw_sales` VALUES (1214, 91, 1667, 1);
INSERT INTO `kiw_sales` VALUES (1215, 89, 1667, 1);
INSERT INTO `kiw_sales` VALUES (1216, 121, 1676, 5);
INSERT INTO `kiw_sales` VALUES (1217, 44, 1676, 1);
INSERT INTO `kiw_sales` VALUES (1218, 56, 1676, 1);
INSERT INTO `kiw_sales` VALUES (1219, 56, 1625, 2);
INSERT INTO `kiw_sales` VALUES (1220, 10, 1678, 3);
INSERT INTO `kiw_sales` VALUES (1221, 56, 1678, 1);
INSERT INTO `kiw_sales` VALUES (1222, 7, 796, 1);
INSERT INTO `kiw_sales` VALUES (1223, 89, 796, 1);
INSERT INTO `kiw_sales` VALUES (1224, 83, 796, 1);
INSERT INTO `kiw_sales` VALUES (1225, 106, 796, 1);
INSERT INTO `kiw_sales` VALUES (1226, 36, 796, 1);
INSERT INTO `kiw_sales` VALUES (1227, 87, 1538, 1);
INSERT INTO `kiw_sales` VALUES (1228, 52, 1552, 1);
INSERT INTO `kiw_sales` VALUES (1229, 56, 1639, 1);
INSERT INTO `kiw_sales` VALUES (1230, 103, 1642, 2);
INSERT INTO `kiw_sales` VALUES (1231, 91, 1642, 1);
INSERT INTO `kiw_sales` VALUES (1232, 89, 1642, 1);
INSERT INTO `kiw_sales` VALUES (1233, 3, 1642, 1);
INSERT INTO `kiw_sales` VALUES (1234, 113, 1642, 1);
INSERT INTO `kiw_sales` VALUES (1235, 56, 1680, 1);
INSERT INTO `kiw_sales` VALUES (1236, 10, 1680, 1);
INSERT INTO `kiw_sales` VALUES (1237, 10, 1676, 1);
INSERT INTO `kiw_sales` VALUES (1238, 44, 1611, 1);
INSERT INTO `kiw_sales` VALUES (1239, 113, 1611, 1);
INSERT INTO `kiw_sales` VALUES (1240, 105, 1611, 1);
INSERT INTO `kiw_sales` VALUES (1241, 10, 1672, 1);
INSERT INTO `kiw_sales` VALUES (1242, 56, 1689, 1);
INSERT INTO `kiw_sales` VALUES (1243, 10, 1689, 1);
INSERT INTO `kiw_sales` VALUES (1244, 103, 1689, 1);
INSERT INTO `kiw_sales` VALUES (1245, 89, 1629, 1);
INSERT INTO `kiw_sales` VALUES (1246, 45, 1629, 2);
INSERT INTO `kiw_sales` VALUES (1247, 3, 1629, 1);
INSERT INTO `kiw_sales` VALUES (1248, 96, 1625, 1);
INSERT INTO `kiw_sales` VALUES (1249, 56, 1695, 1);
INSERT INTO `kiw_sales` VALUES (1250, 29, 1695, 1);
INSERT INTO `kiw_sales` VALUES (1251, 121, 1695, 1);
INSERT INTO `kiw_sales` VALUES (1252, 47, 1452, 1);
INSERT INTO `kiw_sales` VALUES (1253, 44, 1452, 1);
INSERT INTO `kiw_sales` VALUES (1254, 106, 675, 1);
INSERT INTO `kiw_sales` VALUES (1255, 89, 1632, 1);
INSERT INTO `kiw_sales` VALUES (1256, 10, 1632, 1);
INSERT INTO `kiw_sales` VALUES (1257, 113, 1589, 2);
INSERT INTO `kiw_sales` VALUES (1258, 56, 1681, 1);
INSERT INTO `kiw_sales` VALUES (1259, 3, 1327, 1);
INSERT INTO `kiw_sales` VALUES (1260, 44, 1689, 1);
INSERT INTO `kiw_sales` VALUES (1261, 27, 1680, 1);
INSERT INTO `kiw_sales` VALUES (1262, 96, 1281, 1);
INSERT INTO `kiw_sales` VALUES (1263, 114, 1281, 1);
INSERT INTO `kiw_sales` VALUES (1264, 91, 1281, 1);
INSERT INTO `kiw_sales` VALUES (1265, 89, 1281, 1);
INSERT INTO `kiw_sales` VALUES (1266, 115, 1281, 1);
INSERT INTO `kiw_sales` VALUES (1267, 95, 1281, 1);
INSERT INTO `kiw_sales` VALUES (1268, 98, 1281, 1);
INSERT INTO `kiw_sales` VALUES (1269, 119, 1281, 1);
INSERT INTO `kiw_sales` VALUES (1270, 118, 1281, 1);
INSERT INTO `kiw_sales` VALUES (1271, 93, 1281, 1);
INSERT INTO `kiw_sales` VALUES (1272, 7, 1281, 1);
INSERT INTO `kiw_sales` VALUES (1273, 6, 1281, 1);
INSERT INTO `kiw_sales` VALUES (1274, 107, 1281, 1);
INSERT INTO `kiw_sales` VALUES (1275, 3, 1281, 1);
INSERT INTO `kiw_sales` VALUES (1276, 113, 1281, 1);
INSERT INTO `kiw_sales` VALUES (1277, 108, 1281, 1);
INSERT INTO `kiw_sales` VALUES (1278, 2, 1281, 1);
INSERT INTO `kiw_sales` VALUES (1279, 8, 1281, 1);
INSERT INTO `kiw_sales` VALUES (1280, 11, 1561, 1);
INSERT INTO `kiw_sales` VALUES (1281, 47, 1561, 1);
INSERT INTO `kiw_sales` VALUES (1282, 98, 1561, 1);
INSERT INTO `kiw_sales` VALUES (1283, 3, 1219, 1);
INSERT INTO `kiw_sales` VALUES (1284, 106, 1611, 1);
INSERT INTO `kiw_sales` VALUES (1285, 121, 1045, 1);
INSERT INTO `kiw_sales` VALUES (1286, 56, 1045, 1);
INSERT INTO `kiw_sales` VALUES (1287, 10, 1045, 1);
INSERT INTO `kiw_sales` VALUES (1288, 10, 1702, 1);
INSERT INTO `kiw_sales` VALUES (1289, 25, 1562, 1);
INSERT INTO `kiw_sales` VALUES (1290, 96, 1562, 1);
INSERT INTO `kiw_sales` VALUES (1291, 50, 1562, 1);
INSERT INTO `kiw_sales` VALUES (1292, 48, 1562, 1);
INSERT INTO `kiw_sales` VALUES (1293, 89, 1219, 2);
INSERT INTO `kiw_sales` VALUES (1294, 3, 1551, 1);
INSERT INTO `kiw_sales` VALUES (1295, 113, 1551, 1);
INSERT INTO `kiw_sales` VALUES (1296, 44, 1697, 1);
INSERT INTO `kiw_sales` VALUES (1297, 10, 1697, 2);
INSERT INTO `kiw_sales` VALUES (1298, 56, 1697, 1);
INSERT INTO `kiw_sales` VALUES (1299, 113, 1036, 2);
INSERT INTO `kiw_sales` VALUES (1300, 48, 1689, 1);
INSERT INTO `kiw_sales` VALUES (1301, 121, 1562, 2);
INSERT INTO `kiw_sales` VALUES (1302, 10, 1562, 1);
INSERT INTO `kiw_sales` VALUES (1303, 121, 1219, 2);
INSERT INTO `kiw_sales` VALUES (1304, 90, 1218, 1);
INSERT INTO `kiw_sales` VALUES (1305, 96, 1218, 1);
INSERT INTO `kiw_sales` VALUES (1306, 89, 1218, 1);
INSERT INTO `kiw_sales` VALUES (1307, 121, 1218, 1);
INSERT INTO `kiw_sales` VALUES (1308, 121, 1697, 1);
INSERT INTO `kiw_sales` VALUES (1309, 3, 1501, 1);
INSERT INTO `kiw_sales` VALUES (1310, 56, 183, 1);
INSERT INTO `kiw_sales` VALUES (1311, 49, 183, 1);
INSERT INTO `kiw_sales` VALUES (1312, 30, 183, 1);
INSERT INTO `kiw_sales` VALUES (1313, 57, 183, 10);
INSERT INTO `kiw_sales` VALUES (1314, 81, 183, 1);
INSERT INTO `kiw_sales` VALUES (1315, 50, 1677, 1);
INSERT INTO `kiw_sales` VALUES (1316, 52, 1525, 1);
INSERT INTO `kiw_sales` VALUES (1317, 47, 1525, 1);
INSERT INTO `kiw_sales` VALUES (1318, 51, 1525, 1);
INSERT INTO `kiw_sales` VALUES (1319, 90, 675, 1);
INSERT INTO `kiw_sales` VALUES (1320, 56, 1638, 1);
INSERT INTO `kiw_sales` VALUES (1321, 30, 1493, 1);
INSERT INTO `kiw_sales` VALUES (1322, 29, 1493, 1);
INSERT INTO `kiw_sales` VALUES (1323, 11, 1636, 1);
INSERT INTO `kiw_sales` VALUES (1324, 52, 734, 1);
INSERT INTO `kiw_sales` VALUES (1325, 56, 734, 1);
INSERT INTO `kiw_sales` VALUES (1326, 62, 734, 3);
INSERT INTO `kiw_sales` VALUES (1327, 46, 734, 1);
INSERT INTO `kiw_sales` VALUES (1328, 96, 1676, 1);
INSERT INTO `kiw_sales` VALUES (1329, 54, 1676, 2);
INSERT INTO `kiw_sales` VALUES (1330, 53, 1674, 2);
INSERT INTO `kiw_sales` VALUES (1331, 121, 1674, 1);
INSERT INTO `kiw_sales` VALUES (1332, 56, 1674, 1);
INSERT INTO `kiw_sales` VALUES (1333, 50, 1629, 1);
INSERT INTO `kiw_sales` VALUES (1334, 113, 1711, 1);
INSERT INTO `kiw_sales` VALUES (1335, 56, 1711, 1);
INSERT INTO `kiw_sales` VALUES (1336, 44, 1711, 1);
INSERT INTO `kiw_sales` VALUES (1337, 98, 1689, 1);
INSERT INTO `kiw_sales` VALUES (1338, 10, 1700, 1);
INSERT INTO `kiw_sales` VALUES (1339, 119, 1627, 1);
INSERT INTO `kiw_sales` VALUES (1340, 45, 1627, 1);
INSERT INTO `kiw_sales` VALUES (1341, 52, 1627, 1);
INSERT INTO `kiw_sales` VALUES (1342, 44, 1627, 1);
INSERT INTO `kiw_sales` VALUES (1343, 103, 1627, 2);
INSERT INTO `kiw_sales` VALUES (1344, 56, 1627, 2);
INSERT INTO `kiw_sales` VALUES (1345, 112, 1627, 1);
INSERT INTO `kiw_sales` VALUES (1346, 44, 1718, 1);
INSERT INTO `kiw_sales` VALUES (1347, 121, 1718, 1);
INSERT INTO `kiw_sales` VALUES (1348, 108, 1493, 1);
INSERT INTO `kiw_sales` VALUES (1349, 30, 1625, 1);
INSERT INTO `kiw_sales` VALUES (1350, 10, 1720, 1);
INSERT INTO `kiw_sales` VALUES (1351, 56, 1720, 1);
INSERT INTO `kiw_sales` VALUES (1352, 48, 1669, 2);
INSERT INTO `kiw_sales` VALUES (1353, 47, 1556, 1);
INSERT INTO `kiw_sales` VALUES (1354, 89, 1556, 1);
INSERT INTO `kiw_sales` VALUES (1355, 32, 1556, 1);
INSERT INTO `kiw_sales` VALUES (1356, 106, 1556, 1);
INSERT INTO `kiw_sales` VALUES (1357, 3, 1556, 1);
INSERT INTO `kiw_sales` VALUES (1358, 6, 1556, 1);
INSERT INTO `kiw_sales` VALUES (1359, 26, 1556, 2);
INSERT INTO `kiw_sales` VALUES (1360, 30, 1689, 1);
INSERT INTO `kiw_sales` VALUES (1361, 50, 370, 1);
INSERT INTO `kiw_sales` VALUES (1362, 56, 370, 2);
INSERT INTO `kiw_sales` VALUES (1363, 108, 370, 1);
INSERT INTO `kiw_sales` VALUES (1364, 10, 1732, 1);
INSERT INTO `kiw_sales` VALUES (1365, 106, 1711, 1);
INSERT INTO `kiw_sales` VALUES (1366, 30, 1711, 1);
INSERT INTO `kiw_sales` VALUES (1367, 119, 1085, 1);
INSERT INTO `kiw_sales` VALUES (1368, 115, 1080, 1);
INSERT INTO `kiw_sales` VALUES (1369, 56, 1080, 1);
INSERT INTO `kiw_sales` VALUES (1370, 103, 1080, 1);
INSERT INTO `kiw_sales` VALUES (1371, 106, 1080, 1);
INSERT INTO `kiw_sales` VALUES (1372, 113, 1080, 1);
INSERT INTO `kiw_sales` VALUES (1373, 10, 1080, 1);
INSERT INTO `kiw_sales` VALUES (1374, 106, 1680, 1);
INSERT INTO `kiw_sales` VALUES (1375, 50, 1676, 1);
INSERT INTO `kiw_sales` VALUES (1376, 56, 1717, 1);
INSERT INTO `kiw_sales` VALUES (1377, 56, 1732, 1);
INSERT INTO `kiw_sales` VALUES (1378, 56, 1699, 1);
INSERT INTO `kiw_sales` VALUES (1379, 98, 1699, 1);
INSERT INTO `kiw_sales` VALUES (1380, 121, 1699, 1);
INSERT INTO `kiw_sales` VALUES (1381, 10, 1699, 1);
INSERT INTO `kiw_sales` VALUES (1382, 113, 1699, 1);
INSERT INTO `kiw_sales` VALUES (1383, 96, 60, 1);
INSERT INTO `kiw_sales` VALUES (1384, 26, 1551, 1);
INSERT INTO `kiw_sales` VALUES (1385, 56, 1710, 1);
INSERT INTO `kiw_sales` VALUES (1386, 10, 1749, 1);
INSERT INTO `kiw_sales` VALUES (1387, 50, 1425, 1);
INSERT INTO `kiw_sales` VALUES (1388, 121, 1745, 1);
INSERT INTO `kiw_sales` VALUES (1389, 56, 1721, 2);
INSERT INTO `kiw_sales` VALUES (1390, 108, 1718, 1);
INSERT INTO `kiw_sales` VALUES (1391, 47, 1676, 1);
INSERT INTO `kiw_sales` VALUES (1392, 108, 1695, 1);
INSERT INTO `kiw_sales` VALUES (1393, 90, 374, 1);
INSERT INTO `kiw_sales` VALUES (1394, 50, 374, 1);
INSERT INTO `kiw_sales` VALUES (1395, 92, 1562, 1);
INSERT INTO `kiw_sales` VALUES (1396, 34, 1562, 1);
INSERT INTO `kiw_sales` VALUES (1397, 35, 1562, 1);
INSERT INTO `kiw_sales` VALUES (1398, 86, 1562, 1);
INSERT INTO `kiw_sales` VALUES (1399, 120, 1562, 1);
INSERT INTO `kiw_sales` VALUES (1400, 3, 1625, 2);
INSERT INTO `kiw_sales` VALUES (1401, 45, 1625, 1);
INSERT INTO `kiw_sales` VALUES (1402, 103, 1625, 1);
INSERT INTO `kiw_sales` VALUES (1403, 52, 1281, 1);
INSERT INTO `kiw_sales` VALUES (1404, 50, 1281, 1);
INSERT INTO `kiw_sales` VALUES (1405, 49, 1281, 1);
INSERT INTO `kiw_sales` VALUES (1406, 46, 1281, 1);
INSERT INTO `kiw_sales` VALUES (1407, 48, 1281, 1);
INSERT INTO `kiw_sales` VALUES (1408, 45, 1281, 1);
INSERT INTO `kiw_sales` VALUES (1409, 44, 1281, 1);
INSERT INTO `kiw_sales` VALUES (1410, 113, 1719, 1);
INSERT INTO `kiw_sales` VALUES (1411, 56, 1719, 1);
INSERT INTO `kiw_sales` VALUES (1412, 56, 1749, 1);
INSERT INTO `kiw_sales` VALUES (1413, 45, 1749, 1);
INSERT INTO `kiw_sales` VALUES (1414, 119, 1629, 1);
INSERT INTO `kiw_sales` VALUES (1415, 106, 1629, 1);
INSERT INTO `kiw_sales` VALUES (1416, 113, 1629, 1);
INSERT INTO `kiw_sales` VALUES (1417, 53, 1678, 2);
INSERT INTO `kiw_sales` VALUES (1418, 121, 1721, 1);
INSERT INTO `kiw_sales` VALUES (1419, 10, 252, 1);
INSERT INTO `kiw_sales` VALUES (1420, 56, 252, 2);
INSERT INTO `kiw_sales` VALUES (1421, 113, 252, 1);
INSERT INTO `kiw_sales` VALUES (1422, 2, 252, 1);
INSERT INTO `kiw_sales` VALUES (1423, 107, 252, 1);
INSERT INTO `kiw_sales` VALUES (1424, 105, 252, 1);
INSERT INTO `kiw_sales` VALUES (1425, 95, 252, 1);
INSERT INTO `kiw_sales` VALUES (1426, 89, 252, 1);
INSERT INTO `kiw_sales` VALUES (1427, 98, 252, 1);
INSERT INTO `kiw_sales` VALUES (1428, 96, 675, 1);
INSERT INTO `kiw_sales` VALUES (1429, 10, 1729, 1);
INSERT INTO `kiw_sales` VALUES (1430, 86, 229, 1);
INSERT INTO `kiw_sales` VALUES (1431, 10, 1692, 1);
INSERT INTO `kiw_sales` VALUES (1432, 56, 1762, 2);
INSERT INTO `kiw_sales` VALUES (1433, 113, 1717, 1);
INSERT INTO `kiw_sales` VALUES (1434, 89, 1680, 1);
INSERT INTO `kiw_sales` VALUES (1435, 103, 1719, 5);
INSERT INTO `kiw_sales` VALUES (1436, 106, 1719, 1);
INSERT INTO `kiw_sales` VALUES (1437, 56, 1723, 1);
INSERT INTO `kiw_sales` VALUES (1438, 113, 1723, 1);
INSERT INTO `kiw_sales` VALUES (1439, 121, 1729, 1);
INSERT INTO `kiw_sales` VALUES (1440, 3, 1745, 1);
INSERT INTO `kiw_sales` VALUES (1441, 44, 1737, 3);
INSERT INTO `kiw_sales` VALUES (1442, 96, 1738, 1);
INSERT INTO `kiw_sales` VALUES (1443, 56, 1726, 1);
INSERT INTO `kiw_sales` VALUES (1444, 53, 1762, 1);
INSERT INTO `kiw_sales` VALUES (1445, 62, 1762, 1);
INSERT INTO `kiw_sales` VALUES (1446, 121, 1762, 1);
INSERT INTO `kiw_sales` VALUES (1447, 31, 1740, 1);
INSERT INTO `kiw_sales` VALUES (1448, 10, 1721, 1);
INSERT INTO `kiw_sales` VALUES (1449, 96, 1689, 1);
INSERT INTO `kiw_sales` VALUES (1450, 87, 366, 1);
INSERT INTO `kiw_sales` VALUES (1451, 47, 366, 1);
INSERT INTO `kiw_sales` VALUES (1452, 86, 366, 1);
INSERT INTO `kiw_sales` VALUES (1453, 2, 366, 1);
INSERT INTO `kiw_sales` VALUES (1454, 105, 366, 1);
INSERT INTO `kiw_sales` VALUES (1455, 121, 366, 2);
INSERT INTO `kiw_sales` VALUES (1456, 81, 366, 1);
INSERT INTO `kiw_sales` VALUES (1457, 96, 366, 1);
INSERT INTO `kiw_sales` VALUES (1458, 120, 366, 3);
INSERT INTO `kiw_sales` VALUES (1459, 57, 366, 10);
INSERT INTO `kiw_sales` VALUES (1460, 62, 366, 5);
INSERT INTO `kiw_sales` VALUES (1461, 56, 1722, 1);
INSERT INTO `kiw_sales` VALUES (1462, 113, 1533, 2);
INSERT INTO `kiw_sales` VALUES (1463, 114, 1740, 1);
INSERT INTO `kiw_sales` VALUES (1464, 121, 1726, 1);
INSERT INTO `kiw_sales` VALUES (1465, 10, 1639, 2);
INSERT INTO `kiw_sales` VALUES (1466, 90, 1676, 1);
INSERT INTO `kiw_sales` VALUES (1467, 89, 1676, 1);
INSERT INTO `kiw_sales` VALUES (1468, 98, 1332, 1);
INSERT INTO `kiw_sales` VALUES (1469, 56, 1332, 1);
INSERT INTO `kiw_sales` VALUES (1470, 113, 1332, 1);
INSERT INTO `kiw_sales` VALUES (1471, 89, 1332, 1);
INSERT INTO `kiw_sales` VALUES (1472, 52, 1356, 1);
INSERT INTO `kiw_sales` VALUES (1473, 121, 1744, 1);
INSERT INTO `kiw_sales` VALUES (1474, 31, 1219, 1);
INSERT INTO `kiw_sales` VALUES (1475, 106, 1219, 1);
INSERT INTO `kiw_sales` VALUES (1476, 51, 1562, 1);
INSERT INTO `kiw_sales` VALUES (1477, 32, 1562, 1);
INSERT INTO `kiw_sales` VALUES (1478, 80, 1562, 1);
INSERT INTO `kiw_sales` VALUES (1479, 36, 1562, 1);
INSERT INTO `kiw_sales` VALUES (1480, 116, 1219, 2);
INSERT INTO `kiw_sales` VALUES (1481, 113, 57, 1);
INSERT INTO `kiw_sales` VALUES (1482, 119, 57, 1);
INSERT INTO `kiw_sales` VALUES (1483, 3, 57, 1);
INSERT INTO `kiw_sales` VALUES (1484, 103, 57, 1);
INSERT INTO `kiw_sales` VALUES (1485, 64, 57, 1);
INSERT INTO `kiw_sales` VALUES (1486, 51, 57, 1);
INSERT INTO `kiw_sales` VALUES (1487, 62, 57, 1);
INSERT INTO `kiw_sales` VALUES (1488, 54, 57, 1);
INSERT INTO `kiw_sales` VALUES (1489, 53, 57, 2);
INSERT INTO `kiw_sales` VALUES (1490, 50, 57, 1);
INSERT INTO `kiw_sales` VALUES (1491, 45, 57, 2);
INSERT INTO `kiw_sales` VALUES (1492, 44, 57, 1);
INSERT INTO `kiw_sales` VALUES (1493, 48, 57, 1);
INSERT INTO `kiw_sales` VALUES (1494, 35, 57, 1);
INSERT INTO `kiw_sales` VALUES (1495, 91, 57, 1);
INSERT INTO `kiw_sales` VALUES (1496, 56, 57, 2);
INSERT INTO `kiw_sales` VALUES (1497, 98, 57, 1);
INSERT INTO `kiw_sales` VALUES (1498, 89, 57, 1);
INSERT INTO `kiw_sales` VALUES (1499, 30, 57, 1);
INSERT INTO `kiw_sales` VALUES (1500, 49, 57, 1);
INSERT INTO `kiw_sales` VALUES (1501, 10, 1688, 1);
INSERT INTO `kiw_sales` VALUES (1502, 56, 1688, 1);
INSERT INTO `kiw_sales` VALUES (1503, 10, 366, 1);
INSERT INTO `kiw_sales` VALUES (1504, 113, 366, 1);
INSERT INTO `kiw_sales` VALUES (1505, 52, 1771, 1);
INSERT INTO `kiw_sales` VALUES (1506, 96, 1688, 1);
INSERT INTO `kiw_sales` VALUES (1507, 10, 1762, 1);
INSERT INTO `kiw_sales` VALUES (1508, 10, 1763, 1);
INSERT INTO `kiw_sales` VALUES (1509, 115, 1768, 1);
INSERT INTO `kiw_sales` VALUES (1510, 87, 1198, 1);
INSERT INTO `kiw_sales` VALUES (1511, 121, 1198, 10);
INSERT INTO `kiw_sales` VALUES (1512, 56, 1770, 2);
INSERT INTO `kiw_sales` VALUES (1513, 10, 1770, 1);
INSERT INTO `kiw_sales` VALUES (1514, 90, 1424, 1);
INSERT INTO `kiw_sales` VALUES (1515, 51, 1424, 1);
INSERT INTO `kiw_sales` VALUES (1516, 29, 1688, 1);
INSERT INTO `kiw_sales` VALUES (1517, 106, 1688, 1);
INSERT INTO `kiw_sales` VALUES (1518, 103, 1688, 4);
INSERT INTO `kiw_sales` VALUES (1519, 113, 1688, 1);
INSERT INTO `kiw_sales` VALUES (1520, 105, 1688, 1);
INSERT INTO `kiw_sales` VALUES (1521, 96, 1745, 1);
INSERT INTO `kiw_sales` VALUES (1522, 112, 1745, 1);
INSERT INTO `kiw_sales` VALUES (1523, 10, 1745, 1);
INSERT INTO `kiw_sales` VALUES (1524, 53, 1248, 1);
INSERT INTO `kiw_sales` VALUES (1525, 3, 1248, 1);
INSERT INTO `kiw_sales` VALUES (1526, 95, 1744, 1);
INSERT INTO `kiw_sales` VALUES (1527, 56, 1715, 1);
INSERT INTO `kiw_sales` VALUES (1528, 121, 1803, 1);
INSERT INTO `kiw_sales` VALUES (1529, 98, 767, 2);
INSERT INTO `kiw_sales` VALUES (1530, 106, 767, 1);
INSERT INTO `kiw_sales` VALUES (1531, 107, 1219, 1);
INSERT INTO `kiw_sales` VALUES (1532, 119, 1219, 1);
INSERT INTO `kiw_sales` VALUES (1533, 3, 1792, 1);
INSERT INTO `kiw_sales` VALUES (1534, 113, 1792, 1);
INSERT INTO `kiw_sales` VALUES (1535, 50, 1611, 2);
INSERT INTO `kiw_sales` VALUES (1536, 51, 1611, 1);
INSERT INTO `kiw_sales` VALUES (1537, 48, 1611, 2);
INSERT INTO `kiw_sales` VALUES (1538, 89, 1611, 1);
INSERT INTO `kiw_sales` VALUES (1539, 32, 1611, 1);
INSERT INTO `kiw_sales` VALUES (1540, 3, 1611, 1);
INSERT INTO `kiw_sales` VALUES (1541, 6, 1611, 1);
INSERT INTO `kiw_sales` VALUES (1542, 53, 1611, 2);
INSERT INTO `kiw_sales` VALUES (1543, 54, 1611, 2);
INSERT INTO `kiw_sales` VALUES (1544, 57, 1611, 4);
INSERT INTO `kiw_sales` VALUES (1545, 62, 1611, 3);
INSERT INTO `kiw_sales` VALUES (1546, 64, 1611, 2);
INSERT INTO `kiw_sales` VALUES (1547, 55, 1611, 2);
INSERT INTO `kiw_sales` VALUES (1548, 52, 1611, 1);
INSERT INTO `kiw_sales` VALUES (1549, 26, 1611, 1);
INSERT INTO `kiw_sales` VALUES (1550, 90, 1611, 1);
INSERT INTO `kiw_sales` VALUES (1551, 115, 1611, 2);
INSERT INTO `kiw_sales` VALUES (1552, 116, 1611, 2);
INSERT INTO `kiw_sales` VALUES (1553, 47, 1738, 1);
INSERT INTO `kiw_sales` VALUES (1554, 47, 1740, 1);
INSERT INTO `kiw_sales` VALUES (1555, 11, 1611, 1);
INSERT INTO `kiw_sales` VALUES (1556, 62, 1589, 1);
INSERT INTO `kiw_sales` VALUES (1557, 26, 1538, 1);
INSERT INTO `kiw_sales` VALUES (1558, 7, 1538, 1);
INSERT INTO `kiw_sales` VALUES (1559, 106, 1538, 1);
INSERT INTO `kiw_sales` VALUES (1560, 93, 1611, 1);
INSERT INTO `kiw_sales` VALUES (1561, 36, 1611, 1);
INSERT INTO `kiw_sales` VALUES (1562, 119, 1625, 1);
INSERT INTO `kiw_sales` VALUES (1563, 7, 1625, 1);
INSERT INTO `kiw_sales` VALUES (1564, 113, 1625, 1);
INSERT INTO `kiw_sales` VALUES (1565, 27, 1625, 1);
INSERT INTO `kiw_sales` VALUES (1566, 106, 1625, 1);
INSERT INTO `kiw_sales` VALUES (1567, 116, 1625, 1);
INSERT INTO `kiw_sales` VALUES (1568, 44, 1806, 1);
INSERT INTO `kiw_sales` VALUES (1569, 10, 1772, 1);
INSERT INTO `kiw_sales` VALUES (1570, 28, 1625, 1);
INSERT INTO `kiw_sales` VALUES (1571, 62, 1625, 1);
INSERT INTO `kiw_sales` VALUES (1572, 114, 1625, 1);
INSERT INTO `kiw_sales` VALUES (1573, 81, 1625, 1);
INSERT INTO `kiw_sales` VALUES (1574, 56, 1803, 1);
INSERT INTO `kiw_sales` VALUES (1575, 10, 1803, 1);
INSERT INTO `kiw_sales` VALUES (1576, 10, 1811, 1);
INSERT INTO `kiw_sales` VALUES (1577, 56, 1811, 1);
INSERT INTO `kiw_sales` VALUES (1578, 50, 1717, 1);
INSERT INTO `kiw_sales` VALUES (1579, 62, 1813, 1);
INSERT INTO `kiw_sales` VALUES (1580, 103, 1813, 1);
INSERT INTO `kiw_sales` VALUES (1581, 10, 1813, 1);
INSERT INTO `kiw_sales` VALUES (1582, 96, 1276, 1);
INSERT INTO `kiw_sales` VALUES (1583, 96, 1662, 1);
INSERT INTO `kiw_sales` VALUES (1584, 10, 1695, 1);
INSERT INTO `kiw_sales` VALUES (1585, 56, 141, 4);
INSERT INTO `kiw_sales` VALUES (1586, 96, 1284, 1);
INSERT INTO `kiw_sales` VALUES (1587, 31, 1284, 1);
INSERT INTO `kiw_sales` VALUES (1588, 90, 1284, 1);
INSERT INTO `kiw_sales` VALUES (1589, 83, 1284, 1);
INSERT INTO `kiw_sales` VALUES (1590, 87, 1284, 1);
INSERT INTO `kiw_sales` VALUES (1591, 51, 1284, 1);
INSERT INTO `kiw_sales` VALUES (1592, 47, 1284, 1);
INSERT INTO `kiw_sales` VALUES (1593, 88, 1284, 1);
INSERT INTO `kiw_sales` VALUES (1594, 55, 1284, 1);
INSERT INTO `kiw_sales` VALUES (1595, 54, 1284, 1);
INSERT INTO `kiw_sales` VALUES (1596, 93, 1284, 1);
INSERT INTO `kiw_sales` VALUES (1597, 89, 1284, 1);
INSERT INTO `kiw_sales` VALUES (1598, 56, 1284, 1);
INSERT INTO `kiw_sales` VALUES (1599, 98, 1284, 1);
INSERT INTO `kiw_sales` VALUES (1600, 81, 1284, 1);
INSERT INTO `kiw_sales` VALUES (1601, 96, 767, 1);
INSERT INTO `kiw_sales` VALUES (1602, 46, 1737, 1);
INSERT INTO `kiw_sales` VALUES (1603, 96, 242, 1);
INSERT INTO `kiw_sales` VALUES (1604, 86, 242, 1);
INSERT INTO `kiw_sales` VALUES (1605, 36, 242, 1);
INSERT INTO `kiw_sales` VALUES (1606, 47, 242, 1);
INSERT INTO `kiw_sales` VALUES (1607, 35, 242, 1);
INSERT INTO `kiw_sales` VALUES (1608, 34, 242, 1);
INSERT INTO `kiw_sales` VALUES (1609, 120, 242, 1);
INSERT INTO `kiw_sales` VALUES (1610, 7, 242, 1);
INSERT INTO `kiw_sales` VALUES (1611, 121, 242, 1);
INSERT INTO `kiw_sales` VALUES (1612, 52, 1228, 1);
INSERT INTO `kiw_sales` VALUES (1613, 121, 1228, 20);
INSERT INTO `kiw_sales` VALUES (1614, 119, 1247, 1);
INSERT INTO `kiw_sales` VALUES (1615, 55, 1247, 1);
INSERT INTO `kiw_sales` VALUES (1616, 56, 1737, 1);
INSERT INTO `kiw_sales` VALUES (1617, 119, 1803, 1);
INSERT INTO `kiw_sales` VALUES (1618, 27, 1219, 1);
INSERT INTO `kiw_sales` VALUES (1619, 57, 1219, 5);
INSERT INTO `kiw_sales` VALUES (1620, 93, 1219, 1);
INSERT INTO `kiw_sales` VALUES (1621, 96, 1762, 1);
INSERT INTO `kiw_sales` VALUES (1622, 113, 1762, 1);
INSERT INTO `kiw_sales` VALUES (1623, 98, 1762, 1);
INSERT INTO `kiw_sales` VALUES (1624, 89, 1762, 1);
INSERT INTO `kiw_sales` VALUES (1625, 91, 1762, 1);
INSERT INTO `kiw_sales` VALUES (1626, 114, 1762, 1);
INSERT INTO `kiw_sales` VALUES (1627, 3, 1762, 1);
INSERT INTO `kiw_sales` VALUES (1628, 48, 1762, 1);
INSERT INTO `kiw_sales` VALUES (1629, 10, 1656, 2);
INSERT INTO `kiw_sales` VALUES (1630, 56, 1656, 1);
INSERT INTO `kiw_sales` VALUES (1631, 121, 1722, 1);
INSERT INTO `kiw_sales` VALUES (1632, 8, 495, 1);
INSERT INTO `kiw_sales` VALUES (1633, 7, 495, 1);
INSERT INTO `kiw_sales` VALUES (1634, 48, 366, 2);
INSERT INTO `kiw_sales` VALUES (1635, 121, 1407, 1);
INSERT INTO `kiw_sales` VALUES (1636, 116, 85, 6);
INSERT INTO `kiw_sales` VALUES (1637, 106, 85, 2);
INSERT INTO `kiw_sales` VALUES (1638, 53, 85, 4);
INSERT INTO `kiw_sales` VALUES (1639, 103, 85, 4);
INSERT INTO `kiw_sales` VALUES (1640, 119, 85, 2);
INSERT INTO `kiw_sales` VALUES (1641, 103, 1133, 2);
INSERT INTO `kiw_sales` VALUES (1642, 106, 1133, 1);
INSERT INTO `kiw_sales` VALUES (1643, 90, 1133, 1);
INSERT INTO `kiw_sales` VALUES (1644, 86, 1133, 1);
INSERT INTO `kiw_sales` VALUES (1645, 96, 1133, 1);
INSERT INTO `kiw_sales` VALUES (1646, 89, 1133, 1);
INSERT INTO `kiw_sales` VALUES (1647, 105, 1133, 1);
INSERT INTO `kiw_sales` VALUES (1648, 119, 1133, 1);
INSERT INTO `kiw_sales` VALUES (1649, 2, 23, 1);
INSERT INTO `kiw_sales` VALUES (1650, 121, 23, 1);
INSERT INTO `kiw_sales` VALUES (1651, 10, 1830, 1);
INSERT INTO `kiw_sales` VALUES (1652, 2, 625, 1);
INSERT INTO `kiw_sales` VALUES (1653, 96, 1829, 1);
INSERT INTO `kiw_sales` VALUES (1654, 30, 1829, 1);
INSERT INTO `kiw_sales` VALUES (1655, 10, 1722, 1);
INSERT INTO `kiw_sales` VALUES (1656, 106, 1811, 1);
INSERT INTO `kiw_sales` VALUES (1657, 3, 1787, 1);
INSERT INTO `kiw_sales` VALUES (1658, 113, 1829, 1);
INSERT INTO `kiw_sales` VALUES (1659, 106, 1452, 2);
INSERT INTO `kiw_sales` VALUES (1660, 52, 1452, 1);
INSERT INTO `kiw_sales` VALUES (1661, 115, 1452, 1);
INSERT INTO `kiw_sales` VALUES (1662, 56, 1829, 1);
INSERT INTO `kiw_sales` VALUES (1663, 6, 1219, 1);
INSERT INTO `kiw_sales` VALUES (1664, 81, 1219, 1);
INSERT INTO `kiw_sales` VALUES (1665, 55, 1219, 1);
INSERT INTO `kiw_sales` VALUES (1666, 53, 22, 10);
INSERT INTO `kiw_sales` VALUES (1667, 89, 11, 1);
INSERT INTO `kiw_sales` VALUES (1668, 87, 11, 1);
INSERT INTO `kiw_sales` VALUES (1669, 96, 11, 1);
INSERT INTO `kiw_sales` VALUES (1670, 51, 11, 1);
INSERT INTO `kiw_sales` VALUES (1671, 52, 11, 1);
INSERT INTO `kiw_sales` VALUES (1672, 119, 11, 1);
INSERT INTO `kiw_sales` VALUES (1673, 10, 1788, 1);
INSERT INTO `kiw_sales` VALUES (1674, 3, 1768, 1);
INSERT INTO `kiw_sales` VALUES (1675, 10, 1768, 1);
INSERT INTO `kiw_sales` VALUES (1676, 10, 1771, 1);
INSERT INTO `kiw_sales` VALUES (1677, 121, 1771, 2);
INSERT INTO `kiw_sales` VALUES (1678, 56, 1771, 1);
INSERT INTO `kiw_sales` VALUES (1679, 90, 331, 1);
INSERT INTO `kiw_sales` VALUES (1680, 121, 1352, 1);
INSERT INTO `kiw_sales` VALUES (1681, 113, 1836, 1);
INSERT INTO `kiw_sales` VALUES (1682, 49, 1737, 1);
INSERT INTO `kiw_sales` VALUES (1683, 91, 1737, 1);
INSERT INTO `kiw_sales` VALUES (1684, 51, 546, 1);
INSERT INTO `kiw_sales` VALUES (1685, 32, 546, 1);
INSERT INTO `kiw_sales` VALUES (1686, 31, 546, 1);
INSERT INTO `kiw_sales` VALUES (1687, 116, 546, 2);
INSERT INTO `kiw_sales` VALUES (1688, 27, 546, 1);
INSERT INTO `kiw_sales` VALUES (1689, 29, 546, 1);
INSERT INTO `kiw_sales` VALUES (1690, 34, 546, 1);
INSERT INTO `kiw_sales` VALUES (1691, 90, 546, 1);
INSERT INTO `kiw_sales` VALUES (1692, 83, 546, 1);
INSERT INTO `kiw_sales` VALUES (1693, 81, 546, 1);
INSERT INTO `kiw_sales` VALUES (1694, 47, 546, 1);
INSERT INTO `kiw_sales` VALUES (1695, 80, 546, 1);
INSERT INTO `kiw_sales` VALUES (1696, 107, 546, 1);
INSERT INTO `kiw_sales` VALUES (1697, 10, 1822, 1);
INSERT INTO `kiw_sales` VALUES (1698, 56, 1822, 2);
INSERT INTO `kiw_sales` VALUES (1699, 62, 1822, 2);
INSERT INTO `kiw_sales` VALUES (1700, 53, 1822, 2);
INSERT INTO `kiw_sales` VALUES (1701, 112, 1788, 1);
INSERT INTO `kiw_sales` VALUES (1702, 47, 1198, 1);
INSERT INTO `kiw_sales` VALUES (1703, 29, 1198, 1);
INSERT INTO `kiw_sales` VALUES (1704, 113, 1198, 1);
INSERT INTO `kiw_sales` VALUES (1705, 54, 1656, 1);
INSERT INTO `kiw_sales` VALUES (1706, 44, 1656, 1);
INSERT INTO `kiw_sales` VALUES (1707, 121, 1841, 1);
INSERT INTO `kiw_sales` VALUES (1708, 89, 494, 1);
INSERT INTO `kiw_sales` VALUES (1709, 114, 494, 1);
INSERT INTO `kiw_sales` VALUES (1710, 29, 1829, 1);
INSERT INTO `kiw_sales` VALUES (1711, 10, 1867, 1);
INSERT INTO `kiw_sales` VALUES (1712, 103, 1525, 1);
INSERT INTO `kiw_sales` VALUES (1713, 30, 1737, 1);
INSERT INTO `kiw_sales` VALUES (1714, 91, 1697, 1);
INSERT INTO `kiw_sales` VALUES (1715, 47, 1697, 1);
INSERT INTO `kiw_sales` VALUES (1716, 3, 1697, 1);
INSERT INTO `kiw_sales` VALUES (1717, 106, 1697, 1);
INSERT INTO `kiw_sales` VALUES (1718, 120, 494, 1);
INSERT INTO `kiw_sales` VALUES (1719, 89, 1737, 1);
INSERT INTO `kiw_sales` VALUES (1720, 54, 1678, 5);
INSERT INTO `kiw_sales` VALUES (1721, 30, 1745, 1);
INSERT INTO `kiw_sales` VALUES (1722, 81, 1745, 1);
INSERT INTO `kiw_sales` VALUES (1723, 50, 1745, 1);
INSERT INTO `kiw_sales` VALUES (1724, 46, 1745, 1);
INSERT INTO `kiw_sales` VALUES (1725, 49, 1745, 1);
INSERT INTO `kiw_sales` VALUES (1726, 52, 1745, 1);
INSERT INTO `kiw_sales` VALUES (1727, 114, 1745, 1);
INSERT INTO `kiw_sales` VALUES (1728, 89, 1745, 1);
INSERT INTO `kiw_sales` VALUES (1729, 10, 1873, 1);
INSERT INTO `kiw_sales` VALUES (1730, 121, 1873, 1);
INSERT INTO `kiw_sales` VALUES (1731, 52, 1697, 1);
INSERT INTO `kiw_sales` VALUES (1732, 10, 1851, 1);
INSERT INTO `kiw_sales` VALUES (1733, 30, 1770, 2);
INSERT INTO `kiw_sales` VALUES (1734, 29, 1770, 1);
INSERT INTO `kiw_sales` VALUES (1735, 10, 1871, 1);
INSERT INTO `kiw_sales` VALUES (1736, 44, 1871, 1);
INSERT INTO `kiw_sales` VALUES (1737, 56, 1871, 1);
INSERT INTO `kiw_sales` VALUES (1738, 10, 1862, 1);
INSERT INTO `kiw_sales` VALUES (1739, 91, 1754, 2);
INSERT INTO `kiw_sales` VALUES (1740, 29, 23, 1);
INSERT INTO `kiw_sales` VALUES (1741, 112, 23, 1);
INSERT INTO `kiw_sales` VALUES (1742, 7, 182, 1);
INSERT INTO `kiw_sales` VALUES (1743, 112, 182, 1);
INSERT INTO `kiw_sales` VALUES (1744, 56, 1888, 1);
INSERT INTO `kiw_sales` VALUES (1745, 56, 1813, 1);
INSERT INTO `kiw_sales` VALUES (1746, 103, 1289, 1);
INSERT INTO `kiw_sales` VALUES (1747, 112, 1239, 1);
INSERT INTO `kiw_sales` VALUES (1748, 56, 1239, 1);
INSERT INTO `kiw_sales` VALUES (1749, 56, 1851, 1);
INSERT INTO `kiw_sales` VALUES (1750, 11, 1699, 1);
INSERT INTO `kiw_sales` VALUES (1751, 113, 1877, 1);
INSERT INTO `kiw_sales` VALUES (1752, 56, 1877, 2);
INSERT INTO `kiw_sales` VALUES (1753, 121, 1851, 1);
INSERT INTO `kiw_sales` VALUES (1754, 113, 1851, 1);
INSERT INTO `kiw_sales` VALUES (1755, 50, 1851, 1);
INSERT INTO `kiw_sales` VALUES (1756, 53, 1851, 2);
INSERT INTO `kiw_sales` VALUES (1757, 56, 1857, 1);
INSERT INTO `kiw_sales` VALUES (1758, 10, 1885, 1);
INSERT INTO `kiw_sales` VALUES (1759, 56, 1885, 1);
INSERT INTO `kiw_sales` VALUES (1760, 10, 1888, 1);
INSERT INTO `kiw_sales` VALUES (1761, 27, 494, 1);
INSERT INTO `kiw_sales` VALUES (1762, 26, 494, 1);
INSERT INTO `kiw_sales` VALUES (1763, 25, 494, 1);
INSERT INTO `kiw_sales` VALUES (1764, 96, 473, 1);
INSERT INTO `kiw_sales` VALUES (1765, 106, 473, 1);
INSERT INTO `kiw_sales` VALUES (1766, 118, 473, 1);
INSERT INTO `kiw_sales` VALUES (1767, 119, 473, 1);
INSERT INTO `kiw_sales` VALUES (1768, 91, 473, 1);
INSERT INTO `kiw_sales` VALUES (1769, 29, 473, 1);
INSERT INTO `kiw_sales` VALUES (1770, 47, 473, 1);
INSERT INTO `kiw_sales` VALUES (1771, 91, 1695, 1);
INSERT INTO `kiw_sales` VALUES (1772, 48, 1885, 1);
INSERT INTO `kiw_sales` VALUES (1773, 36, 1676, 1);
INSERT INTO `kiw_sales` VALUES (1774, 55, 1676, 1);
INSERT INTO `kiw_sales` VALUES (1775, 64, 1656, 1);
INSERT INTO `kiw_sales` VALUES (1776, 3, 1027, 1);
INSERT INTO `kiw_sales` VALUES (1777, 46, 1718, 1);
INSERT INTO `kiw_sales` VALUES (1778, 95, 1718, 1);
INSERT INTO `kiw_sales` VALUES (1779, 121, 1843, 1);
INSERT INTO `kiw_sales` VALUES (1780, 56, 1843, 1);
INSERT INTO `kiw_sales` VALUES (1781, 108, 1843, 1);
INSERT INTO `kiw_sales` VALUES (1782, 56, 1884, 2);
INSERT INTO `kiw_sales` VALUES (1783, 29, 1885, 1);
INSERT INTO `kiw_sales` VALUES (1784, 98, 1885, 1);
INSERT INTO `kiw_sales` VALUES (1785, 56, 1907, 2);
INSERT INTO `kiw_sales` VALUES (1786, 52, 1656, 1);
INSERT INTO `kiw_sales` VALUES (1787, 53, 1656, 1);
INSERT INTO `kiw_sales` VALUES (1788, 57, 1857, 1);
INSERT INTO `kiw_sales` VALUES (1789, 7, 546, 1);
INSERT INTO `kiw_sales` VALUES (1790, 10, 1759, 1);
INSERT INTO `kiw_sales` VALUES (1791, 53, 1759, 1);
INSERT INTO `kiw_sales` VALUES (1792, 56, 1759, 1);
INSERT INTO `kiw_sales` VALUES (1793, 56, 1841, 1);
INSERT INTO `kiw_sales` VALUES (1794, 10, 1841, 2);
INSERT INTO `kiw_sales` VALUES (1795, 56, 1917, 1);
INSERT INTO `kiw_sales` VALUES (1796, 10, 1917, 1);
INSERT INTO `kiw_sales` VALUES (1797, 10, 1857, 1);
INSERT INTO `kiw_sales` VALUES (1798, 48, 1839, 1);
INSERT INTO `kiw_sales` VALUES (1799, 10, 1907, 1);
INSERT INTO `kiw_sales` VALUES (1800, 10, 1840, 1);
INSERT INTO `kiw_sales` VALUES (1801, 56, 1895, 2);
INSERT INTO `kiw_sales` VALUES (1802, 10, 1866, 1);
INSERT INTO `kiw_sales` VALUES (1803, 94, 1085, 1);
INSERT INTO `kiw_sales` VALUES (1804, 113, 1803, 1);
INSERT INTO `kiw_sales` VALUES (1805, 27, 1723, 1);
INSERT INTO `kiw_sales` VALUES (1806, 44, 1723, 1);
INSERT INTO `kiw_sales` VALUES (1807, 113, 1861, 1);
INSERT INTO `kiw_sales` VALUES (1808, 28, 546, 1);
INSERT INTO `kiw_sales` VALUES (1809, 25, 546, 1);
INSERT INTO `kiw_sales` VALUES (1810, 36, 546, 1);
INSERT INTO `kiw_sales` VALUES (1811, 106, 1851, 1);
INSERT INTO `kiw_sales` VALUES (1812, 10, 1891, 1);
INSERT INTO `kiw_sales` VALUES (1813, 53, 1891, 1);
INSERT INTO `kiw_sales` VALUES (1814, 44, 1891, 1);
INSERT INTO `kiw_sales` VALUES (1815, 56, 1891, 1);
INSERT INTO `kiw_sales` VALUES (1816, 10, 1909, 1);
INSERT INTO `kiw_sales` VALUES (1817, 29, 1909, 1);
INSERT INTO `kiw_sales` VALUES (1818, 27, 1922, 1);
INSERT INTO `kiw_sales` VALUES (1819, 105, 1656, 1);
INSERT INTO `kiw_sales` VALUES (1820, 29, 1656, 1);
INSERT INTO `kiw_sales` VALUES (1821, 62, 1656, 1);
INSERT INTO `kiw_sales` VALUES (1822, 103, 1656, 1);
INSERT INTO `kiw_sales` VALUES (1823, 108, 1909, 1);
INSERT INTO `kiw_sales` VALUES (1824, 103, 1909, 2);
INSERT INTO `kiw_sales` VALUES (1825, 54, 1909, 5);
INSERT INTO `kiw_sales` VALUES (1826, 27, 1909, 1);
INSERT INTO `kiw_sales` VALUES (1827, 116, 1909, 4);
INSERT INTO `kiw_sales` VALUES (1828, 10, 1790, 1);
INSERT INTO `kiw_sales` VALUES (1829, 95, 1790, 1);
INSERT INTO `kiw_sales` VALUES (1830, 10, 1895, 1);
INSERT INTO `kiw_sales` VALUES (1831, 56, 1923, 1);
INSERT INTO `kiw_sales` VALUES (1832, 89, 1885, 1);
INSERT INTO `kiw_sales` VALUES (1833, 121, 1895, 1);
INSERT INTO `kiw_sales` VALUES (1834, 56, 1921, 1);
INSERT INTO `kiw_sales` VALUES (1835, 98, 1798, 1);
INSERT INTO `kiw_sales` VALUES (1836, 47, 1798, 1);
INSERT INTO `kiw_sales` VALUES (1837, 121, 1798, 1);
INSERT INTO `kiw_sales` VALUES (1838, 96, 1754, 1);
INSERT INTO `kiw_sales` VALUES (1839, 121, 1943, 1);
INSERT INTO `kiw_sales` VALUES (1840, 10, 1951, 1);
INSERT INTO `kiw_sales` VALUES (1841, 103, 1951, 2);
INSERT INTO `kiw_sales` VALUES (1842, 11, 1943, 1);
INSERT INTO `kiw_sales` VALUES (1843, 44, 1951, 1);
INSERT INTO `kiw_sales` VALUES (1844, 10, 1931, 1);
INSERT INTO `kiw_sales` VALUES (1845, 10, 1954, 1);
INSERT INTO `kiw_sales` VALUES (1846, 112, 816, 1);
INSERT INTO `kiw_sales` VALUES (1847, 119, 816, 1);
INSERT INTO `kiw_sales` VALUES (1848, 10, 1952, 1);
INSERT INTO `kiw_sales` VALUES (1849, 91, 1952, 1);
INSERT INTO `kiw_sales` VALUES (1850, 46, 1952, 1);
INSERT INTO `kiw_sales` VALUES (1851, 56, 1952, 1);
INSERT INTO `kiw_sales` VALUES (1852, 113, 1952, 2);
INSERT INTO `kiw_sales` VALUES (1853, 103, 1952, 1);
INSERT INTO `kiw_sales` VALUES (1854, 121, 1952, 1);
INSERT INTO `kiw_sales` VALUES (1855, 3, 1198, 1);
INSERT INTO `kiw_sales` VALUES (1856, 45, 1721, 1);
INSERT INTO `kiw_sales` VALUES (1857, 52, 1851, 1);
INSERT INTO `kiw_sales` VALUES (1858, 105, 1950, 1);
INSERT INTO `kiw_sales` VALUES (1859, 53, 1950, 2);
INSERT INTO `kiw_sales` VALUES (1860, 121, 1950, 10);
INSERT INTO `kiw_sales` VALUES (1861, 91, 1857, 1);
INSERT INTO `kiw_sales` VALUES (1862, 89, 1884, 1);
INSERT INTO `kiw_sales` VALUES (1863, 29, 1884, 1);
INSERT INTO `kiw_sales` VALUES (1864, 56, 1940, 1);
INSERT INTO `kiw_sales` VALUES (1865, 56, 1957, 1);
INSERT INTO `kiw_sales` VALUES (1866, 114, 1551, 1);
INSERT INTO `kiw_sales` VALUES (1867, 27, 1551, 1);
INSERT INTO `kiw_sales` VALUES (1868, 112, 1036, 1);
INSERT INTO `kiw_sales` VALUES (1869, 64, 1957, 1);
INSERT INTO `kiw_sales` VALUES (1870, 10, 1957, 1);
INSERT INTO `kiw_sales` VALUES (1871, 52, 1822, 1);
INSERT INTO `kiw_sales` VALUES (1872, 44, 1822, 1);
INSERT INTO `kiw_sales` VALUES (1873, 121, 1822, 1);
INSERT INTO `kiw_sales` VALUES (1874, 10, 1968, 1);
INSERT INTO `kiw_sales` VALUES (1875, 113, 488, 1);
INSERT INTO `kiw_sales` VALUES (1876, 26, 1952, 1);
INSERT INTO `kiw_sales` VALUES (1877, 48, 1952, 2);
INSERT INTO `kiw_sales` VALUES (1878, 89, 1952, 1);
INSERT INTO `kiw_sales` VALUES (1879, 6, 366, 1);
INSERT INTO `kiw_sales` VALUES (1880, 119, 366, 1);
INSERT INTO `kiw_sales` VALUES (1881, 35, 366, 1);
INSERT INTO `kiw_sales` VALUES (1882, 29, 366, 1);
INSERT INTO `kiw_sales` VALUES (1883, 27, 366, 1);
INSERT INTO `kiw_sales` VALUES (1884, 80, 366, 1);
INSERT INTO `kiw_sales` VALUES (1885, 36, 366, 1);
INSERT INTO `kiw_sales` VALUES (1886, 51, 366, 1);
INSERT INTO `kiw_sales` VALUES (1887, 46, 366, 1);
INSERT INTO `kiw_sales` VALUES (1888, 49, 366, 1);
INSERT INTO `kiw_sales` VALUES (1889, 90, 366, 1);
INSERT INTO `kiw_sales` VALUES (1890, 34, 366, 1);
INSERT INTO `kiw_sales` VALUES (1891, 106, 366, 1);
INSERT INTO `kiw_sales` VALUES (1892, 103, 366, 10);
INSERT INTO `kiw_sales` VALUES (1893, 89, 1829, 1);
INSERT INTO `kiw_sales` VALUES (1894, 114, 1356, 1);
INSERT INTO `kiw_sales` VALUES (1895, 86, 80, 1);
INSERT INTO `kiw_sales` VALUES (1896, 106, 80, 1);
INSERT INTO `kiw_sales` VALUES (1897, 56, 1997, 1);
INSERT INTO `kiw_sales` VALUES (1898, 10, 1752, 2);
INSERT INTO `kiw_sales` VALUES (1899, 56, 1752, 1);
INSERT INTO `kiw_sales` VALUES (1900, 121, 1752, 3);
INSERT INTO `kiw_sales` VALUES (1901, 56, 1965, 1);
INSERT INTO `kiw_sales` VALUES (1902, 56, 1945, 1);
INSERT INTO `kiw_sales` VALUES (1903, 10, 1945, 1);
INSERT INTO `kiw_sales` VALUES (1904, 54, 1945, 3);
INSERT INTO `kiw_sales` VALUES (1905, 29, 1952, 1);
INSERT INTO `kiw_sales` VALUES (1906, 106, 1877, 1);
INSERT INTO `kiw_sales` VALUES (1907, 30, 1877, 1);
INSERT INTO `kiw_sales` VALUES (1908, 114, 1678, 1);
INSERT INTO `kiw_sales` VALUES (1909, 51, 1678, 1);
INSERT INTO `kiw_sales` VALUES (1910, 56, 1836, 1);
INSERT INTO `kiw_sales` VALUES (1911, 56, 1984, 2);
INSERT INTO `kiw_sales` VALUES (1912, 10, 1984, 1);
INSERT INTO `kiw_sales` VALUES (1913, 113, 1171, 1);
INSERT INTO `kiw_sales` VALUES (1914, 116, 1171, 2);
INSERT INTO `kiw_sales` VALUES (1915, 106, 1589, 1);
INSERT INTO `kiw_sales` VALUES (1916, 56, 2009, 1);
INSERT INTO `kiw_sales` VALUES (1917, 113, 2009, 1);
INSERT INTO `kiw_sales` VALUES (1918, 26, 577, 1);
INSERT INTO `kiw_sales` VALUES (1919, 10, 577, 1);
INSERT INTO `kiw_sales` VALUES (1920, 53, 1955, 10);
INSERT INTO `kiw_sales` VALUES (1921, 121, 1955, 1);
INSERT INTO `kiw_sales` VALUES (1922, 96, 1955, 1);
INSERT INTO `kiw_sales` VALUES (1923, 107, 1955, 1);
INSERT INTO `kiw_sales` VALUES (1924, 54, 1955, 10);
INSERT INTO `kiw_sales` VALUES (1925, 57, 1955, 10);
INSERT INTO `kiw_sales` VALUES (1926, 62, 1955, 10);
INSERT INTO `kiw_sales` VALUES (1927, 64, 1955, 10);
INSERT INTO `kiw_sales` VALUES (1928, 3, 1955, 1);
INSERT INTO `kiw_sales` VALUES (1929, 88, 1955, 1);
INSERT INTO `kiw_sales` VALUES (1930, 28, 1955, 1);
INSERT INTO `kiw_sales` VALUES (1931, 27, 1955, 1);
INSERT INTO `kiw_sales` VALUES (1932, 26, 1955, 1);
INSERT INTO `kiw_sales` VALUES (1933, 87, 1955, 5);
INSERT INTO `kiw_sales` VALUES (1934, 51, 1955, 1);
INSERT INTO `kiw_sales` VALUES (1935, 52, 1955, 1);
INSERT INTO `kiw_sales` VALUES (1936, 50, 1955, 1);
INSERT INTO `kiw_sales` VALUES (1937, 46, 1955, 1);
INSERT INTO `kiw_sales` VALUES (1938, 48, 1888, 1);
INSERT INTO `kiw_sales` VALUES (1939, 56, 1996, 1);
INSERT INTO `kiw_sales` VALUES (1940, 29, 1754, 1);
INSERT INTO `kiw_sales` VALUES (1941, 56, 2006, 1);
INSERT INTO `kiw_sales` VALUES (1942, 113, 818, 2);
INSERT INTO `kiw_sales` VALUES (1943, 48, 1721, 2);
INSERT INTO `kiw_sales` VALUES (1944, 3, 1721, 1);
INSERT INTO `kiw_sales` VALUES (1945, 30, 1721, 1);
INSERT INTO `kiw_sales` VALUES (1946, 10, 1930, 2);
INSERT INTO `kiw_sales` VALUES (1947, 10, 2006, 1);
INSERT INTO `kiw_sales` VALUES (1948, 52, 1974, 1);
INSERT INTO `kiw_sales` VALUES (1949, 121, 1957, 1);
INSERT INTO `kiw_sales` VALUES (1950, 96, 1952, 1);
INSERT INTO `kiw_sales` VALUES (1951, 98, 484, 1);
INSERT INTO `kiw_sales` VALUES (1952, 121, 1772, 1);
INSERT INTO `kiw_sales` VALUES (1953, 11, 1907, 1);
INSERT INTO `kiw_sales` VALUES (1954, 121, 1997, 1);
INSERT INTO `kiw_sales` VALUES (1955, 56, 2026, 1);
INSERT INTO `kiw_sales` VALUES (1956, 48, 1953, 1);
INSERT INTO `kiw_sales` VALUES (1957, 56, 1953, 3);
INSERT INTO `kiw_sales` VALUES (1958, 44, 2003, 1);
INSERT INTO `kiw_sales` VALUES (1959, 10, 2003, 1);
INSERT INTO `kiw_sales` VALUES (1960, 53, 1407, 5);
INSERT INTO `kiw_sales` VALUES (1961, 10, 1993, 1);
INSERT INTO `kiw_sales` VALUES (1962, 48, 1768, 1);
INSERT INTO `kiw_sales` VALUES (1963, 50, 1768, 1);
INSERT INTO `kiw_sales` VALUES (1964, 106, 1768, 1);
INSERT INTO `kiw_sales` VALUES (1965, 96, 1943, 1);
INSERT INTO `kiw_sales` VALUES (1966, 103, 2003, 1);
INSERT INTO `kiw_sales` VALUES (1967, 56, 2003, 1);
INSERT INTO `kiw_sales` VALUES (1968, 44, 1841, 1);
INSERT INTO `kiw_sales` VALUES (1969, 87, 1729, 1);
INSERT INTO `kiw_sales` VALUES (1970, 44, 1996, 1);
INSERT INTO `kiw_sales` VALUES (1971, 10, 1996, 1);
INSERT INTO `kiw_sales` VALUES (1972, 108, 1950, 1);
INSERT INTO `kiw_sales` VALUES (1973, 10, 1950, 1);
INSERT INTO `kiw_sales` VALUES (1974, 96, 1950, 1);
INSERT INTO `kiw_sales` VALUES (1975, 56, 1950, 5);
INSERT INTO `kiw_sales` VALUES (1976, 91, 1576, 1);
INSERT INTO `kiw_sales` VALUES (1977, 91, 2003, 1);
INSERT INTO `kiw_sales` VALUES (1978, 121, 1915, 1);
INSERT INTO `kiw_sales` VALUES (1979, 10, 1915, 1);
INSERT INTO `kiw_sales` VALUES (1980, 93, 1551, 1);
INSERT INTO `kiw_sales` VALUES (1981, 46, 1940, 1);
INSERT INTO `kiw_sales` VALUES (1982, 44, 1993, 1);
INSERT INTO `kiw_sales` VALUES (1983, 89, 1591, 1);
INSERT INTO `kiw_sales` VALUES (1984, 103, 1591, 2);
INSERT INTO `kiw_sales` VALUES (1985, 29, 1591, 2);
INSERT INTO `kiw_sales` VALUES (1986, 121, 1930, 4);
INSERT INTO `kiw_sales` VALUES (1987, 46, 1953, 1);
INSERT INTO `kiw_sales` VALUES (1988, 11, 1953, 1);
INSERT INTO `kiw_sales` VALUES (1989, 56, 1900, 1);
INSERT INTO `kiw_sales` VALUES (1990, 64, 1900, 1);
INSERT INTO `kiw_sales` VALUES (1991, 56, 1772, 1);
INSERT INTO `kiw_sales` VALUES (1992, 48, 1772, 1);
INSERT INTO `kiw_sales` VALUES (1993, 44, 1953, 1);
INSERT INTO `kiw_sales` VALUES (1994, 91, 1884, 1);
INSERT INTO `kiw_sales` VALUES (1995, 56, 495, 1);
INSERT INTO `kiw_sales` VALUES (1996, 114, 495, 1);
INSERT INTO `kiw_sales` VALUES (1997, 112, 1841, 1);

